No,抽選日,当選数字
1,1994/10/07,191
2,1994/10/14,988
3,1994/10/21,194
4,1994/10/28,105
5,1994/11/04,592
6,1994/11/11,792
7,1994/11/18,708
8,1994/11/25,234
9,1994/12/02,243
10,1994/12/09,340
11,1994/12/16,326
12,1994/12/23,247
13,1994/12/30,229
14,1995/01/06,743
15,1995/01/10,019
16,1995/01/13,179
17,1995/01/17,475
18,1995/01/20,291
19,1995/01/24,852
20,1995/01/27,502
21,1995/01/31,558
22,1995/02/03,951
23,1995/02/07,912
24,1995/02/10,039
25,1995/02/14,458
26,1995/02/17,984
27,1995/02/21,917
28,1995/02/24,789
29,1995/02/28,589
30,1995/03/03,725
31,1995/03/07,073
32,1995/03/10,547
33,1995/03/14,063
34,1995/03/17,634
35,1995/03/21,333
36,1995/03/24,405
37,1995/03/28,168
38,1995/03/31,389
39,1995/04/04,587
40,1995/04/07,304
41,1995/04/11,048
42,1995/04/14,228
43,1995/04/18,922
44,1995/04/21,697
45,1995/04/25,970
46,1995/04/28,298
47,1995/05/02,989
48,1995/05/05,202
49,1995/05/09,476
50,1995/05/12,042
51,1995/05/16,802
52,1995/05/19,717
53,1995/05/23,889
54,1995/05/26,226
55,1995/05/30,728
56,1995/06/02,929
57,1995/06/06,836
58,1995/06/09,383
59,1995/06/13,410
60,1995/06/16,980
61,1995/06/20,542
62,1995/06/23,725
63,1995/06/27,251
64,1995/06/30,260
65,1995/07/04,588
66,1995/07/07,512
67,1995/07/11,512
68,1995/07/14,750
69,1995/07/18,902
70,1995/07/21,963
71,1995/07/25,661
72,1995/07/28,879
73,1995/08/01,452
74,1995/08/04,174
75,1995/08/08,283
76,1995/08/11,238
77,1995/08/15,972
78,1995/08/18,241
79,1995/08/22,310
80,1995/08/25,882
81,1995/08/29,269
82,1995/09/01,144
83,1995/09/05,174
84,1995/09/08,882
85,1995/09/12,307
86,1995/09/15,864
87,1995/09/19,370
88,1995/09/22,739
89,1995/09/26,697
90,1995/09/29,689
91,1995/10/03,168
92,1995/10/06,957
93,1995/10/10,910
94,1995/10/13,933
95,1995/10/17,306
96,1995/10/20,944
97,1995/10/24,988
98,1995/10/27,562
99,1995/10/31,571
100,1995/11/03,899
101,1995/11/07,945
102,1995/11/10,560
103,1995/11/14,824
104,1995/11/17,610
105,1995/11/21,619
106,1995/11/24,086
107,1995/11/28,082
108,1995/12/01,254
109,1995/12/05,191
110,1995/12/08,385
111,1995/12/12,056
112,1995/12/15,167
113,1995/12/19,744
114,1995/12/22,205
115,1995/12/26,770
116,1995/12/29,366
117,1996/01/05,952
118,1996/01/09,635
119,1996/01/12,952
120,1996/01/16,650
121,1996/01/19,439
122,1996/01/23,458
123,1996/01/26,513
124,1996/01/30,863
125,1996/02/02,409
126,1996/02/06,318
127,1996/02/09,217
128,1996/02/13,855
129,1996/02/16,620
130,1996/02/20,559
131,1996/02/23,820
132,1996/02/27,016
133,1996/03/01,926
134,1996/03/05,603
135,1996/03/08,454
136,1996/03/12,295
137,1996/03/15,819
138,1996/03/19,995
139,1996/03/22,356
140,1996/03/26,054
141,1996/03/29,783
142,1996/04/02,077
143,1996/04/05,694
144,1996/04/09,594
145,1996/04/12,125
146,1996/04/16,766
147,1996/04/19,464
148,1996/04/23,489
149,1996/04/26,003
150,1996/04/30,538
151,1996/05/03,332
152,1996/05/07,224
153,1996/05/10,750
154,1996/05/14,791
155,1996/05/17,126
156,1996/05/21,991
157,1996/05/24,570
158,1996/05/28,604
159,1996/05/31,259
160,1996/06/04,839
161,1996/06/07,284
162,1996/06/11,516
163,1996/06/14,648
164,1996/06/18,198
165,1996/06/21,563
166,1996/06/25,331
167,1996/06/28,233
168,1996/07/02,107
169,1996/07/05,351
170,1996/07/09,574
171,1996/07/12,679
172,1996/07/16,355
173,1996/07/19,581
174,1996/07/23,967
175,1996/07/26,683
176,1996/07/30,203
177,1996/08/02,845
178,1996/08/06,464
179,1996/08/09,168
180,1996/08/13,632
181,1996/08/16,890
182,1996/08/20,439
183,1996/08/23,589
184,1996/08/27,492
185,1996/08/30,882
186,1996/09/03,439
187,1996/09/06,975
188,1996/09/10,254
189,1996/09/13,199
190,1996/09/17,170
191,1996/09/20,424
192,1996/09/24,021
193,1996/09/27,656
194,1996/10/01,812
195,1996/10/04,819
196,1996/10/08,907
197,1996/10/11,728
198,1996/10/15,374
199,1996/10/18,269
200,1996/10/22,411
201,1996/10/25,176
202,1996/10/29,676
203,1996/11/01,093
204,1996/11/05,211
205,1996/11/08,531
206,1996/11/12,938
207,1996/11/15,413
208,1996/11/19,781
209,1996/11/22,920
210,1996/11/26,192
211,1996/11/29,022
212,1996/12/03,151
213,1996/12/06,502
214,1996/12/10,870
215,1996/12/13,215
216,1996/12/17,337
217,1996/12/20,712
218,1996/12/24,594
219,1996/12/27,260
220,1997/01/07,112
221,1997/01/10,514
222,1997/01/14,227
223,1997/01/17,333
224,1997/01/21,466
225,1997/01/24,751
226,1997/01/28,952
227,1997/01/31,188
228,1997/02/04,014
229,1997/02/07,409
230,1997/02/11,383
231,1997/02/14,523
232,1997/02/18,945
233,1997/02/21,065
234,1997/02/25,317
235,1997/02/28,582
236,1997/03/04,830
237,1997/03/07,648
238,1997/03/11,414
239,1997/03/14,741
240,1997/03/18,229
241,1997/03/21,400
242,1997/03/25,066
243,1997/03/28,608
244,1997/04/01,140
245,1997/04/04,827
246,1997/04/08,593
247,1997/04/11,537
248,1997/04/15,193
249,1997/04/18,624
250,1997/04/22,180
251,1997/04/25,227
252,1997/04/29,004
253,1997/05/02,616
254,1997/05/06,238
255,1997/05/09,770
256,1997/05/13,088
257,1997/05/16,935
258,1997/05/20,447
259,1997/05/23,216
260,1997/05/27,061
261,1997/05/30,596
262,1997/06/03,042
263,1997/06/06,839
264,1997/06/10,362
265,1997/06/13,928
266,1997/06/17,972
267,1997/06/20,093
268,1997/06/24,024
269,1997/06/27,782
270,1997/07/01,793
271,1997/07/04,823
272,1997/07/08,783
273,1997/07/11,526
274,1997/07/15,854
275,1997/07/18,806
276,1997/07/22,385
277,1997/07/25,632
278,1997/07/29,877
279,1997/08/01,891
280,1997/08/05,326
281,1997/08/08,907
282,1997/08/12,743
283,1997/08/15,940
284,1997/08/19,588
285,1997/08/22,760
286,1997/08/26,272
287,1997/08/29,925
288,1997/09/02,144
289,1997/09/05,838
290,1997/09/09,167
291,1997/09/12,085
292,1997/09/16,737
293,1997/09/19,663
294,1997/09/23,107
295,1997/09/26,075
296,1997/09/30,880
297,1997/10/03,144
298,1997/10/06,104
299,1997/10/08,155
300,1997/10/10,126
301,1997/10/13,330
302,1997/10/15,001
303,1997/10/17,497
304,1997/10/20,399
305,1997/10/22,367
306,1997/10/24,748
307,1997/10/27,690
308,1997/10/29,519
309,1997/10/31,777
310,1997/11/03,575
311,1997/11/05,104
312,1997/11/07,068
313,1997/11/10,069
314,1997/11/12,242
315,1997/11/14,137
316,1997/11/17,218
317,1997/11/19,190
318,1997/11/21,537
319,1997/11/24,395
320,1997/11/26,598
321,1997/11/28,429
322,1997/12/01,064
323,1997/12/03,375
324,1997/12/05,805
325,1997/12/08,531
326,1997/12/10,930
327,1997/12/12,980
328,1997/12/15,736
329,1997/12/17,543
330,1997/12/19,179
331,1997/12/22,196
332,1997/12/24,167
333,1997/12/26,238
334,1997/12/29,480
335,1998/01/05,950
336,1998/01/07,551
337,1998/01/09,632
338,1998/01/12,704
339,1998/01/14,152
340,1998/01/16,992
341,1998/01/19,259
342,1998/01/21,686
343,1998/01/23,997
344,1998/01/26,035
345,1998/01/28,513
346,1998/01/30,000
347,1998/02/02,718
348,1998/02/04,394
349,1998/02/06,431
350,1998/02/09,638
351,1998/02/11,417
352,1998/02/13,038
353,1998/02/16,996
354,1998/02/18,750
355,1998/02/20,487
356,1998/02/23,852
357,1998/02/25,756
358,1998/02/27,469
359,1998/03/02,277
360,1998/03/04,965
361,1998/03/06,965
362,1998/03/09,640
363,1998/03/11,458
364,1998/03/13,908
365,1998/03/16,887
366,1998/03/18,841
367,1998/03/20,778
368,1998/03/23,805
369,1998/03/25,135
370,1998/03/27,091
371,1998/03/30,798
372,1998/04/01,202
373,1998/04/03,417
374,1998/04/06,409
375,1998/04/08,994
376,1998/04/10,274
377,1998/04/13,155
378,1998/04/15,075
379,1998/04/17,649
380,1998/04/20,820
381,1998/04/22,885
382,1998/04/24,606
383,1998/04/27,081
384,1998/04/29,690
385,1998/05/01,332
386,1998/05/04,578
387,1998/05/06,396
388,1998/05/08,227
389,1998/05/11,275
390,1998/05/13,956
391,1998/05/15,066
392,1998/05/18,426
393,1998/05/20,029
394,1998/05/22,729
395,1998/05/25,440
396,1998/05/27,963
397,1998/05/29,345
398,1998/06/01,274
399,1998/06/03,816
400,1998/06/05,596
401,1998/06/08,354
402,1998/06/10,058
403,1998/06/12,431
404,1998/06/15,109
405,1998/06/17,891
406,1998/06/19,222
407,1998/06/22,042
408,1998/06/24,237
409,1998/06/26,400
410,1998/06/29,866
411,1998/07/01,636
412,1998/07/03,514
413,1998/07/06,910
414,1998/07/08,737
415,1998/07/10,834
416,1998/07/13,001
417,1998/07/15,371
418,1998/07/17,429
419,1998/07/20,723
420,1998/07/22,427
421,1998/07/24,402
422,1998/07/27,495
423,1998/07/29,367
424,1998/07/31,043
425,1998/08/03,535
426,1998/08/05,618
427,1998/08/07,159
428,1998/08/10,512
429,1998/08/12,641
430,1998/08/14,652
431,1998/08/17,219
432,1998/08/19,163
433,1998/08/21,255
434,1998/08/24,698
435,1998/08/26,161
436,1998/08/28,244
437,1998/08/31,727
438,1998/09/02,235
439,1998/09/04,605
440,1998/09/07,520
441,1998/09/09,196
442,1998/09/11,174
443,1998/09/14,198
444,1998/09/16,107
445,1998/09/18,087
446,1998/09/21,531
447,1998/09/23,453
448,1998/09/25,785
449,1998/09/28,048
450,1998/09/30,033
451,1998/10/02,423
452,1998/10/05,666
453,1998/10/07,102
454,1998/10/09,713
455,1998/10/12,612
456,1998/10/14,887
457,1998/10/16,189
458,1998/10/19,383
459,1998/10/21,620
460,1998/10/23,150
461,1998/10/26,190
462,1998/10/28,292
463,1998/10/30,994
464,1998/11/02,086
465,1998/11/04,095
466,1998/11/06,256
467,1998/11/09,882
468,1998/11/11,687
469,1998/11/13,949
470,1998/11/16,577
471,1998/11/18,301
472,1998/11/20,616
473,1998/11/23,407
474,1998/11/25,041
475,1998/11/27,583
476,1998/11/30,111
477,1998/12/02,498
478,1998/12/04,277
479,1998/12/07,962
480,1998/12/09,335
481,1998/12/11,550
482,1998/12/14,818
483,1998/12/16,075
484,1998/12/18,899
485,1998/12/21,485
486,1998/12/23,932
487,1998/12/25,856
488,1998/12/28,115
489,1998/12/30,618
490,1999/01/04,634
491,1999/01/06,995
492,1999/01/08,931
493,1999/01/11,385
494,1999/01/13,153
495,1999/01/15,827
496,1999/01/18,028
497,1999/01/20,595
498,1999/01/22,211
499,1999/01/25,012
500,1999/01/27,679
501,1999/01/29,640
502,1999/02/01,929
503,1999/02/03,782
504,1999/02/05,947
505,1999/02/08,480
506,1999/02/10,993
507,1999/02/12,172
508,1999/02/15,295
509,1999/02/17,831
510,1999/02/19,253
511,1999/02/22,914
512,1999/02/24,947
513,1999/02/26,900
514,1999/03/01,122
515,1999/03/03,286
516,1999/03/05,583
517,1999/03/08,287
518,1999/03/10,402
519,1999/03/12,658
520,1999/03/15,493
521,1999/03/17,535
522,1999/03/19,073
523,1999/03/22,532
524,1999/03/24,036
525,1999/03/26,919
526,1999/03/29,357
527,1999/03/31,593
528,1999/04/02,743
529,1999/04/05,413
530,1999/04/07,719
531,1999/04/09,835
532,1999/04/12,277
533,1999/04/14,200
534,1999/04/16,432
535,1999/04/19,205
536,1999/04/21,951
537,1999/04/23,998
538,1999/04/26,628
539,1999/04/28,435
540,1999/04/30,154
541,1999/05/03,033
542,1999/05/05,614
543,1999/05/07,362
544,1999/05/10,269
545,1999/05/12,838
546,1999/05/14,098
547,1999/05/17,806
548,1999/05/19,411
549,1999/05/21,450
550,1999/05/24,666
551,1999/05/26,300
552,1999/05/28,993
553,1999/05/31,019
554,1999/06/02,355
555,1999/06/04,602
556,1999/06/07,331
557,1999/06/09,443
558,1999/06/11,666
559,1999/06/14,297
560,1999/06/16,057
561,1999/06/18,190
562,1999/06/21,382
563,1999/06/23,080
564,1999/06/25,732
565,1999/06/28,982
566,1999/06/30,906
567,1999/07/02,433
568,1999/07/05,953
569,1999/07/07,049
570,1999/07/09,587
571,1999/07/12,798
572,1999/07/14,731
573,1999/07/16,597
574,1999/07/19,910
575,1999/07/21,939
576,1999/07/23,487
577,1999/07/26,228
578,1999/07/28,398
579,1999/07/30,588
580,1999/08/02,385
581,1999/08/04,160
582,1999/08/06,315
583,1999/08/09,850
584,1999/08/11,085
585,1999/08/13,365
586,1999/08/16,207
587,1999/08/18,569
588,1999/08/20,652
589,1999/08/23,485
590,1999/08/25,947
591,1999/08/27,046
592,1999/08/30,036
593,1999/09/01,829
594,1999/09/03,130
595,1999/09/06,162
596,1999/09/08,193
597,1999/09/10,429
598,1999/09/13,306
599,1999/09/15,554
600,1999/09/17,752
601,1999/09/20,421
602,1999/09/22,979
603,1999/09/24,699
604,1999/09/27,939
605,1999/09/29,030
606,1999/10/01,638
607,1999/10/04,405
608,1999/10/06,964
609,1999/10/08,178
610,1999/10/11,337
611,1999/10/13,801
612,1999/10/15,730
613,1999/10/18,591
614,1999/10/20,369
615,1999/10/22,142
616,1999/10/25,475
617,1999/10/27,092
618,1999/10/29,279
619,1999/11/01,567
620,1999/11/03,866
621,1999/11/05,044
622,1999/11/08,639
623,1999/11/10,308
624,1999/11/12,675
625,1999/11/15,546
626,1999/11/17,588
627,1999/11/19,472
628,1999/11/22,201
629,1999/11/24,118
630,1999/11/26,223
631,1999/11/29,194
632,1999/12/01,182
633,1999/12/03,446
634,1999/12/06,382
635,1999/12/08,669
636,1999/12/10,403
637,1999/12/13,633
638,1999/12/15,951
639,1999/12/17,783
640,1999/12/20,908
641,1999/12/22,636
642,1999/12/24,433
643,1999/12/27,364
644,1999/12/29,949
645,2000/01/05,584
646,2000/01/07,732
647,2000/01/10,175
648,2000/01/12,044
649,2000/01/14,282
650,2000/01/17,969
651,2000/01/19,345
652,2000/01/21,258
653,2000/01/24,037
654,2000/01/26,507
655,2000/01/28,798
656,2000/01/31,028
657,2000/02/02,959
658,2000/02/04,553
659,2000/02/07,649
660,2000/02/09,875
661,2000/02/11,081
662,2000/02/14,646
663,2000/02/16,070
664,2000/02/18,195
665,2000/02/21,297
666,2000/02/23,277
667,2000/02/25,943
668,2000/02/28,157
669,2000/03/01,367
670,2000/03/03,811
671,2000/03/06,682
672,2000/03/08,916
673,2000/03/10,385
674,2000/03/13,478
675,2000/03/15,944
676,2000/03/17,830
677,2000/03/20,068
678,2000/03/22,628
679,2000/03/24,261
680,2000/03/27,277
681,2000/03/29,503
682,2000/03/31,973
683,2000/04/03,632
684,2000/04/05,715
685,2000/04/07,947
686,2000/04/10,790
687,2000/04/12,751
688,2000/04/14,232
689,2000/04/17,042
690,2000/04/19,274
691,2000/04/21,132
692,2000/04/24,548
693,2000/04/26,094
694,2000/04/28,900
695,2000/05/01,797
696,2000/05/03,003
697,2000/05/05,971
698,2000/05/08,907
699,2000/05/10,278
700,2000/05/12,232
701,2000/05/15,883
702,2000/05/17,993
703,2000/05/19,424
704,2000/05/22,869
705,2000/05/24,094
706,2000/05/26,948
707,2000/05/29,851
708,2000/05/31,337
709,2000/06/02,762
710,2000/06/05,114
711,2000/06/07,755
712,2000/06/09,428
713,2000/06/12,620
714,2000/06/14,943
715,2000/06/16,040
716,2000/06/19,469
717,2000/06/21,743
718,2000/06/23,241
719,2000/06/26,234
720,2000/06/28,217
721,2000/06/30,889
722,2000/07/03,214
723,2000/07/05,739
724,2000/07/07,376
725,2000/07/10,397
726,2000/07/12,629
727,2000/07/14,125
728,2000/07/17,743
729,2000/07/19,189
730,2000/07/21,974
731,2000/07/24,808
732,2000/07/26,715
733,2000/07/28,179
734,2000/07/31,496
735,2000/08/02,610
736,2000/08/04,603
737,2000/08/07,821
738,2000/08/09,065
739,2000/08/11,918
740,2000/08/14,602
741,2000/08/16,054
742,2000/08/18,286
743,2000/08/21,854
744,2000/08/23,946
745,2000/08/25,031
746,2000/08/28,134
747,2000/08/30,831
748,2000/09/01,617
749,2000/09/04,920
750,2000/09/06,912
751,2000/09/08,266
752,2000/09/11,370
753,2000/09/13,208
754,2000/09/15,307
755,2000/09/18,982
756,2000/09/20,386
757,2000/09/22,375
758,2000/09/25,088
759,2000/09/27,548
760,2000/09/29,699
761,2000/10/02,805
762,2000/10/04,804
763,2000/10/06,610
764,2000/10/09,094
765,2000/10/11,117
766,2000/10/13,835
767,2000/10/16,618
768,2000/10/18,192
769,2000/10/20,220
770,2000/10/23,325
771,2000/10/25,522
772,2000/10/27,574
773,2000/10/30,811
774,2000/11/01,080
775,2000/11/03,923
776,2000/11/06,302
777,2000/11/08,237
778,2000/11/10,226
779,2000/11/13,167
780,2000/11/15,033
781,2000/11/17,472
782,2000/11/20,014
783,2000/11/22,924
784,2000/11/24,703
785,2000/11/27,908
786,2000/11/29,160
787,2000/12/01,221
788,2000/12/04,433
789,2000/12/06,787
790,2000/12/08,807
791,2000/12/11,552
792,2000/12/13,220
793,2000/12/15,685
794,2000/12/18,199
795,2000/12/20,461
796,2000/12/22,360
797,2000/12/25,418
798,2000/12/27,477
799,2000/12/29,953
800,2001/01/05,817
801,2001/01/08,793
802,2001/01/10,468
803,2001/01/12,405
804,2001/01/15,331
805,2001/01/17,224
806,2001/01/19,221
807,2001/01/22,122
808,2001/01/24,296
809,2001/01/26,127
810,2001/01/29,929
811,2001/01/31,559
812,2001/02/02,614
813,2001/02/05,096
814,2001/02/07,873
815,2001/02/09,839
816,2001/02/12,650
817,2001/02/14,922
818,2001/02/16,427
819,2001/02/19,369
820,2001/02/21,033
821,2001/02/23,292
822,2001/02/26,459
823,2001/02/28,535
824,2001/03/02,102
825,2001/03/05,339
826,2001/03/07,823
827,2001/03/09,802
828,2001/03/12,939
829,2001/03/14,442
830,2001/03/16,247
831,2001/03/19,764
832,2001/03/21,626
833,2001/03/23,826
834,2001/03/26,594
835,2001/03/28,309
836,2001/03/30,926
837,2001/04/02,539
838,2001/04/04,524
839,2001/04/06,679
840,2001/04/09,059
841,2001/04/11,306
842,2001/04/13,219
843,2001/04/16,768
844,2001/04/18,170
845,2001/04/20,274
846,2001/04/23,531
847,2001/04/25,473
848,2001/04/27,098
849,2001/04/30,539
850,2001/05/02,646
851,2001/05/04,717
852,2001/05/07,057
853,2001/05/09,363
854,2001/05/11,112
855,2001/05/14,939
856,2001/05/16,099
857,2001/05/18,921
858,2001/05/21,510
859,2001/05/23,400
860,2001/05/25,963
861,2001/05/28,931
862,2001/05/30,883
863,2001/06/01,585
864,2001/06/04,426
865,2001/06/06,329
866,2001/06/08,571
867,2001/06/11,432
868,2001/06/13,634
869,2001/06/15,245
870,2001/06/18,772
871,2001/06/20,639
872,2001/06/22,755
873,2001/06/25,367
874,2001/06/27,454
875,2001/06/29,778
876,2001/07/02,845
877,2001/07/04,589
878,2001/07/06,318
879,2001/07/09,908
880,2001/07/11,678
881,2001/07/13,494
882,2001/07/16,703
883,2001/07/18,745
884,2001/07/20,388
885,2001/07/23,307
886,2001/07/25,302
887,2001/07/27,672
888,2001/07/30,691
889,2001/08/01,139
890,2001/08/03,332
891,2001/08/06,254
892,2001/08/08,353
893,2001/08/10,184
894,2001/08/13,592
895,2001/08/15,614
896,2001/08/17,108
897,2001/08/20,055
898,2001/08/22,980
899,2001/08/24,350
900,2001/08/27,088
901,2001/08/29,694
902,2001/08/31,377
903,2001/09/03,648
904,2001/09/05,005
905,2001/09/07,812
906,2001/09/10,202
907,2001/09/12,865
908,2001/09/14,042
909,2001/09/17,116
910,2001/09/19,947
911,2001/09/21,972
912,2001/09/24,891
913,2001/09/26,524
914,2001/09/28,737
915,2001/10/01,356
916,2001/10/03,276
917,2001/10/05,502
918,2001/10/08,997
919,2001/10/10,223
920,2001/10/12,498
921,2001/10/15,315
922,2001/10/17,893
923,2001/10/19,232
924,2001/10/22,511
925,2001/10/24,971
926,2001/10/26,373
927,2001/10/29,468
928,2001/10/31,848
929,2001/11/02,032
930,2001/11/05,905
931,2001/11/07,330
932,2001/11/09,471
933,2001/11/12,337
934,2001/11/14,361
935,2001/11/16,304
936,2001/11/19,666
937,2001/11/21,865
938,2001/11/23,603
939,2001/11/26,308
940,2001/11/28,188
941,2001/11/30,059
942,2001/12/03,614
943,2001/12/05,881
944,2001/12/07,937
945,2001/12/10,019
946,2001/12/12,361
947,2001/12/14,220
948,2001/12/17,478
949,2001/12/19,788
950,2001/12/21,707
951,2001/12/24,147
952,2001/12/26,549
953,2001/12/28,875
954,2002/01/04,103
955,2002/01/07,845
956,2002/01/09,981
957,2002/01/11,533
958,2002/01/14,454
959,2002/01/16,911
960,2002/01/18,060
961,2002/01/21,345
962,2002/01/23,559
963,2002/01/25,805
964,2002/01/28,230
965,2002/01/30,131
966,2002/02/01,832
967,2002/02/04,715
968,2002/02/06,181
969,2002/02/08,950
970,2002/02/11,749
971,2002/02/13,147
972,2002/02/15,337
973,2002/02/18,557
974,2002/02/20,795
975,2002/02/22,432
976,2002/02/25,000
977,2002/02/27,192
978,2002/03/01,158
979,2002/03/04,011
980,2002/03/06,420
981,2002/03/08,250
982,2002/03/11,071
983,2002/03/13,727
984,2002/03/15,824
985,2002/03/18,622
986,2002/03/20,505
987,2002/03/22,683
988,2002/03/25,241
989,2002/03/27,979
990,2002/03/29,543
991,2002/04/01,505
992,2002/04/03,124
993,2002/04/05,393
994,2002/04/08,658
995,2002/04/10,312
996,2002/04/12,931
997,2002/04/15,168
998,2002/04/17,851
999,2002/04/19,189
1000,2002/04/22,165
1001,2002/04/24,828
1002,2002/04/26,324
1003,2002/04/29,241
1004,2002/05/01,629
1005,2002/05/03,215
1006,2002/05/06,233
1007,2002/05/08,297
1008,2002/05/10,381
1009,2002/05/13,699
1010,2002/05/15,695
1011,2002/05/17,813
1012,2002/05/20,690
1013,2002/05/22,199
1014,2002/05/24,758
1015,2002/05/27,922
1016,2002/05/29,810
1017,2002/05/31,463
1018,2002/06/03,749
1019,2002/06/05,546
1020,2002/06/07,140
1021,2002/06/10,642
1022,2002/06/12,463
1023,2002/06/14,224
1024,2002/06/17,423
1025,2002/06/19,793
1026,2002/06/21,554
1027,2002/06/24,794
1028,2002/06/26,441
1029,2002/06/28,825
1030,2002/07/01,260
1031,2002/07/03,216
1032,2002/07/05,404
1033,2002/07/08,466
1034,2002/07/10,249
1035,2002/07/12,067
1036,2002/07/15,524
1037,2002/07/17,925
1038,2002/07/19,143
1039,2002/07/22,258
1040,2002/07/24,108
1041,2002/07/26,526
1042,2002/07/29,647
1043,2002/07/31,844
1044,2002/08/02,883
1045,2002/08/05,267
1046,2002/08/07,676
1047,2002/08/09,165
1048,2002/08/12,602
1049,2002/08/14,006
1050,2002/08/16,290
1051,2002/08/19,538
1052,2002/08/21,642
1053,2002/08/23,670
1054,2002/08/26,911
1055,2002/08/28,552
1056,2002/08/30,646
1057,2002/09/02,137
1058,2002/09/04,347
1059,2002/09/06,879
1060,2002/09/09,966
1061,2002/09/11,995
1062,2002/09/13,165
1063,2002/09/16,966
1064,2002/09/18,228
1065,2002/09/20,385
1066,2002/09/23,571
1067,2002/09/25,259
1068,2002/09/27,330
1069,2002/09/30,670
1070,2002/10/02,853
1071,2002/10/04,910
1072,2002/10/07,382
1073,2002/10/09,461
1074,2002/10/11,866
1075,2002/10/14,567
1076,2002/10/16,954
1077,2002/10/18,294
1078,2002/10/21,408
1079,2002/10/23,438
1080,2002/10/25,410
1081,2002/10/28,465
1082,2002/10/30,486
1083,2002/11/01,334
1084,2002/11/04,721
1085,2002/11/06,175
1086,2002/11/08,750
1087,2002/11/11,299
1088,2002/11/13,305
1089,2002/11/15,670
1090,2002/11/18,549
1091,2002/11/20,621
1092,2002/11/22,779
1093,2002/11/25,782
1094,2002/11/27,798
1095,2002/11/29,289
1096,2002/12/02,601
1097,2002/12/04,188
1098,2002/12/06,053
1099,2002/12/09,180
1100,2002/12/11,390
1101,2002/12/13,232
1102,2002/12/16,015
1103,2002/12/18,270
1104,2002/12/20,386
1105,2002/12/23,748
1106,2002/12/25,821
1107,2002/12/27,519
1108,2002/12/30,407
1109,2003/01/06,739
1110,2003/01/08,904
1111,2003/01/10,850
1112,2003/01/13,417
1113,2003/01/15,735
1114,2003/01/17,685
1115,2003/01/20,703
1116,2003/01/22,409
1117,2003/01/24,718
1118,2003/01/27,816
1119,2003/01/29,264
1120,2003/01/31,789
1121,2003/02/03,996
1122,2003/02/05,702
1123,2003/02/07,687
1124,2003/02/10,818
1125,2003/02/12,820
1126,2003/02/14,361
1127,2003/02/17,554
1128,2003/02/19,956
1129,2003/02/21,264
1130,2003/02/24,036
1131,2003/02/26,210
1132,2003/02/28,418
1133,2003/03/03,036
1134,2003/03/05,251
1135,2003/03/07,887
1136,2003/03/10,410
1137,2003/03/12,233
1138,2003/03/14,250
1139,2003/03/17,072
1140,2003/03/19,757
1141,2003/03/21,917
1142,2003/03/24,540
1143,2003/03/26,129
1144,2003/03/28,999
1145,2003/03/31,126
1146,2003/04/02,442
1147,2003/04/04,428
1148,2003/04/07,016
1149,2003/04/09,511
1150,2003/04/11,831
1151,2003/04/14,714
1152,2003/04/16,177
1153,2003/04/18,687
1154,2003/04/21,142
1155,2003/04/23,309
1156,2003/04/25,198
1157,2003/04/28,041
1158,2003/04/30,971
1159,2003/05/02,806
1160,2003/05/05,831
1161,2003/05/07,577
1162,2003/05/09,366
1163,2003/05/12,990
1164,2003/05/14,835
1165,2003/05/16,644
1166,2003/05/19,254
1167,2003/05/21,183
1168,2003/05/23,280
1169,2003/05/26,400
1170,2003/05/28,617
1171,2003/05/30,581
1172,2003/06/02,020
1173,2003/06/04,271
1174,2003/06/06,170
1175,2003/06/09,493
1176,2003/06/11,608
1177,2003/06/13,441
1178,2003/06/16,996
1179,2003/06/18,889
1180,2003/06/20,044
1181,2003/06/23,346
1182,2003/06/25,903
1183,2003/06/27,609
1184,2003/06/30,749
1185,2003/07/02,342
1186,2003/07/04,422
1187,2003/07/07,184
1188,2003/07/09,865
1189,2003/07/11,463
1190,2003/07/14,556
1191,2003/07/16,269
1192,2003/07/18,664
1193,2003/07/21,686
1194,2003/07/23,438
1195,2003/07/25,416
1196,2003/07/28,897
1197,2003/07/30,695
1198,2003/08/01,547
1199,2003/08/04,152
1200,2003/08/06,944
1201,2003/08/08,957
1202,2003/08/11,459
1203,2003/08/13,989
1204,2003/08/15,820
1205,2003/08/18,766
1206,2003/08/20,943
1207,2003/08/22,958
1208,2003/08/25,160
1209,2003/08/27,612
1210,2003/08/29,162
1211,2003/09/01,304
1212,2003/09/03,638
1213,2003/09/05,415
1214,2003/09/08,911
1215,2003/09/10,979
1216,2003/09/12,221
1217,2003/09/15,279
1218,2003/09/17,933
1219,2003/09/19,825
1220,2003/09/22,118
1221,2003/09/24,496
1222,2003/09/26,267
1223,2003/09/29,784
1224,2003/10/01,495
1225,2003/10/03,913
1226,2003/10/06,337
1227,2003/10/08,953
1228,2003/10/10,899
1229,2003/10/13,842
1230,2003/10/15,274
1231,2003/10/17,260
1232,2003/10/20,317
1233,2003/10/22,738
1234,2003/10/24,796
1235,2003/10/27,235
1236,2003/10/29,885
1237,2003/10/31,852
1238,2003/11/03,891
1239,2003/11/05,348
1240,2003/11/07,798
1241,2003/11/10,930
1242,2003/11/12,175
1243,2003/11/14,622
1244,2003/11/17,651
1245,2003/11/19,704
1246,2003/11/21,518
1247,2003/11/24,054
1248,2003/11/26,504
1249,2003/11/28,455
1250,2003/12/01,276
1251,2003/12/03,106
1252,2003/12/05,936
1253,2003/12/08,353
1254,2003/12/10,058
1255,2003/12/12,958
1256,2003/12/15,080
1257,2003/12/17,239
1258,2003/12/19,188
1259,2003/12/22,606
1260,2003/12/24,021
1261,2003/12/26,724
1262,2003/12/29,471
1263,2004/01/05,491
1264,2004/01/07,669
1265,2004/01/09,409
1266,2004/01/12,884
1267,2004/01/14,121
1268,2004/01/16,445
1269,2004/01/19,136
1270,2004/01/21,004
1271,2004/01/23,320
1272,2004/01/26,068
1273,2004/01/28,337
1274,2004/01/30,281
1275,2004/02/02,427
1276,2004/02/04,869
1277,2004/02/06,777
1278,2004/02/09,465
1279,2004/02/11,583
1280,2004/02/13,822
1281,2004/02/16,040
1282,2004/02/18,204
1283,2004/02/20,513
1284,2004/02/23,990
1285,2004/02/25,119
1286,2004/02/27,051
1287,2004/03/01,745
1288,2004/03/03,030
1289,2004/03/05,407
1290,2004/03/08,162
1291,2004/03/10,517
1292,2004/03/12,725
1293,2004/03/15,000
1294,2004/03/17,558
1295,2004/03/19,170
1296,2004/03/22,893
1297,2004/03/24,526
1298,2004/03/26,174
1299,2004/03/29,211
1300,2004/03/31,590
1301,2004/04/02,820
1302,2004/04/05,189
1303,2004/04/07,330
1304,2004/04/09,308
1305,2004/04/12,936
1306,2004/04/14,563
1307,2004/04/16,900
1308,2004/04/19,733
1309,2004/04/21,374
1310,2004/04/23,842
1311,2004/04/26,922
1312,2004/04/28,764
1313,2004/04/30,671
1314,2004/05/03,653
1315,2004/05/05,758
1316,2004/05/07,953
1317,2004/05/10,737
1318,2004/05/12,308
1319,2004/05/14,567
1320,2004/05/17,452
1321,2004/05/19,490
1322,2004/05/21,784
1323,2004/05/24,302
1324,2004/05/26,855
1325,2004/05/28,226
1326,2004/05/31,673
1327,2004/06/02,215
1328,2004/06/04,376
1329,2004/06/07,554
1330,2004/06/09,076
1331,2004/06/11,859
1332,2004/06/14,978
1333,2004/06/16,134
1334,2004/06/18,236
1335,2004/06/21,462
1336,2004/06/23,206
1337,2004/06/25,814
1338,2004/06/28,837
1339,2004/06/30,902
1340,2004/07/01,597
1341,2004/07/02,670
1342,2004/07/05,543
1343,2004/07/06,879
1344,2004/07/07,342
1345,2004/07/08,994
1346,2004/07/09,765
1347,2004/07/12,018
1348,2004/07/13,821
1349,2004/07/14,498
1350,2004/07/15,632
1351,2004/07/16,240
1352,2004/07/19,562
1353,2004/07/20,931
1354,2004/07/21,590
1355,2004/07/22,078
1356,2004/07/23,998
1357,2004/07/26,883
1358,2004/07/27,166
1359,2004/07/28,973
1360,2004/07/29,109
1361,2004/07/30,223
1362,2004/08/02,286
1363,2004/08/03,844
1364,2004/08/04,843
1365,2004/08/05,970
1366,2004/08/06,112
1367,2004/08/09,451
1368,2004/08/10,480
1369,2004/08/11,955
1370,2004/08/12,497
1371,2004/08/13,822
1372,2004/08/16,383
1373,2004/08/17,611
1374,2004/08/18,005
1375,2004/08/19,281
1376,2004/08/20,114
1377,2004/08/23,066
1378,2004/08/24,200
1379,2004/08/25,717
1380,2004/08/26,983
1381,2004/08/27,558
1382,2004/08/30,601
1383,2004/08/31,512
1384,2004/09/01,525
1385,2004/09/02,355
1386,2004/09/03,489
1387,2004/09/06,905
1388,2004/09/07,632
1389,2004/09/08,463
1390,2004/09/09,782
1391,2004/09/10,808
1392,2004/09/13,921
1393,2004/09/14,190
1394,2004/09/15,593
1395,2004/09/16,234
1396,2004/09/17,621
1397,2004/09/20,934
1398,2004/09/21,812
1399,2004/09/22,540
1400,2004/09/23,522
1401,2004/09/24,206
1402,2004/09/27,374
1403,2004/09/28,638
1404,2004/09/29,804
1405,2004/09/30,187
1406,2004/10/01,374
1407,2004/10/04,835
1408,2004/10/05,945
1409,2004/10/06,949
1410,2004/10/07,391
1411,2004/10/08,355
1412,2004/10/11,697
1413,2004/10/12,620
1414,2004/10/13,670
1415,2004/10/14,189
1416,2004/10/15,266
1417,2004/10/18,876
1418,2004/10/19,335
1419,2004/10/20,064
1420,2004/10/21,499
1421,2004/10/22,490
1422,2004/10/25,945
1423,2004/10/26,234
1424,2004/10/27,353
1425,2004/10/28,660
1426,2004/10/29,754
1427,2004/11/01,638
1428,2004/11/02,699
1429,2004/11/03,819
1430,2004/11/04,295
1431,2004/11/05,742
1432,2004/11/08,400
1433,2004/11/09,638
1434,2004/11/10,299
1435,2004/11/11,545
1436,2004/11/12,196
1437,2004/11/15,667
1438,2004/11/16,582
1439,2004/11/17,306
1440,2004/11/18,684
1441,2004/11/19,798
1442,2004/11/22,094
1443,2004/11/23,701
1444,2004/11/24,065
1445,2004/11/25,392
1446,2004/11/26,588
1447,2004/11/29,925
1448,2004/11/30,189
1449,2004/12/01,940
1450,2004/12/02,133
1451,2004/12/03,288
1452,2004/12/06,301
1453,2004/12/07,966
1454,2004/12/08,616
1455,2004/12/09,363
1456,2004/12/10,662
1457,2004/12/13,310
1458,2004/12/14,609
1459,2004/12/15,869
1460,2004/12/16,377
1461,2004/12/17,279
1462,2004/12/20,799
1463,2004/12/21,344
1464,2004/12/22,082
1465,2004/12/23,824
1466,2004/12/24,095
1467,2004/12/27,625
1468,2004/12/28,497
1469,2004/12/29,213
1470,2004/12/30,815
1471,2005/01/04,902
1472,2005/01/05,227
1473,2005/01/06,429
1474,2005/01/07,784
1475,2005/01/10,576
1476,2005/01/11,055
1477,2005/01/12,275
1478,2005/01/13,137
1479,2005/01/14,536
1480,2005/01/17,809
1481,2005/01/18,328
1482,2005/01/19,423
1483,2005/01/20,780
1484,2005/01/21,026
1485,2005/01/24,369
1486,2005/01/25,526
1487,2005/01/26,465
1488,2005/01/27,968
1489,2005/01/28,218
1490,2005/01/31,807
1491,2005/02/01,287
1492,2005/02/02,997
1493,2005/02/03,313
1494,2005/02/04,800
1495,2005/02/07,601
1496,2005/02/08,742
1497,2005/02/09,738
1498,2005/02/10,754
1499,2005/02/11,196
1500,2005/02/14,453
1501,2005/02/15,793
1502,2005/02/16,556
1503,2005/02/17,533
1504,2005/02/18,058
1505,2005/02/21,419
1506,2005/02/22,063
1507,2005/02/23,379
1508,2005/02/24,928
1509,2005/02/25,613
1510,2005/02/28,917
1511,2005/03/01,212
1512,2005/03/02,887
1513,2005/03/03,970
1514,2005/03/04,707
1515,2005/03/07,412
1516,2005/03/08,603
1517,2005/03/09,578
1518,2005/03/10,266
1519,2005/03/11,384
1520,2005/03/14,680
1521,2005/03/15,087
1522,2005/03/16,776
1523,2005/03/17,387
1524,2005/03/18,319
1525,2005/03/21,729
1526,2005/03/22,963
1527,2005/03/23,751
1528,2005/03/24,948
1529,2005/03/25,235
1530,2005/03/28,686
1531,2005/03/29,857
1532,2005/03/30,786
1533,2005/03/31,716
1534,2005/04/01,084
1535,2005/04/04,567
1536,2005/04/05,414
1537,2005/04/06,482
1538,2005/04/07,507
1539,2005/04/08,215
1540,2005/04/11,350
1541,2005/04/12,776
1542,2005/04/13,043
1543,2005/04/14,400
1544,2005/04/15,190
1545,2005/04/18,629
1546,2005/04/19,841
1547,2005/04/20,073
1548,2005/04/21,942
1549,2005/04/22,203
1550,2005/04/25,560
1551,2005/04/26,788
1552,2005/04/27,530
1553,2005/04/28,178
1554,2005/04/29,589
1555,2005/05/02,459
1556,2005/05/03,250
1557,2005/05/04,222
1558,2005/05/05,781
1559,2005/05/06,614
1560,2005/05/09,973
1561,2005/05/10,378
1562,2005/05/11,453
1563,2005/05/12,542
1564,2005/05/13,241
1565,2005/05/16,565
1566,2005/05/17,182
1567,2005/05/18,016
1568,2005/05/19,204
1569,2005/05/20,529
1570,2005/05/23,827
1571,2005/05/24,660
1572,2005/05/25,597
1573,2005/05/26,917
1574,2005/05/27,835
1575,2005/05/30,659
1576,2005/05/31,392
1577,2005/06/01,634
1578,2005/06/02,363
1579,2005/06/03,327
1580,2005/06/06,042
1581,2005/06/07,100
1582,2005/06/08,920
1583,2005/06/09,287
1584,2005/06/10,217
1585,2005/06/13,709
1586,2005/06/14,885
1587,2005/06/15,368
1588,2005/06/16,769
1589,2005/06/17,351
1590,2005/06/20,097
1591,2005/06/21,671
1592,2005/06/22,402
1593,2005/06/23,378
1594,2005/06/24,377
1595,2005/06/27,065
1596,2005/06/28,095
1597,2005/06/29,747
1598,2005/06/30,395
1599,2005/07/01,332
1600,2005/07/04,146
1601,2005/07/05,899
1602,2005/07/06,885
1603,2005/07/07,762
1604,2005/07/08,382
1605,2005/07/11,964
1606,2005/07/12,312
1607,2005/07/13,382
1608,2005/07/14,318
1609,2005/07/15,430
1610,2005/07/18,922
1611,2005/07/19,441
1612,2005/07/20,261
1613,2005/07/21,465
1614,2005/07/22,861
1615,2005/07/25,448
1616,2005/07/26,347
1617,2005/07/27,726
1618,2005/07/28,720
1619,2005/07/29,319
1620,2005/08/01,424
1621,2005/08/02,482
1622,2005/08/03,943
1623,2005/08/04,934
1624,2005/08/05,977
1625,2005/08/08,929
1626,2005/08/09,168
1627,2005/08/10,368
1628,2005/08/11,607
1629,2005/08/12,660
1630,2005/08/15,626
1631,2005/08/16,755
1632,2005/08/17,486
1633,2005/08/18,868
1634,2005/08/19,077
1635,2005/08/22,509
1636,2005/08/23,980
1637,2005/08/24,644
1638,2005/08/25,451
1639,2005/08/26,501
1640,2005/08/29,787
1641,2005/08/30,439
1642,2005/08/31,060
1643,2005/09/01,948
1644,2005/09/02,917
1645,2005/09/05,792
1646,2005/09/06,353
1647,2005/09/07,057
1648,2005/09/08,633
1649,2005/09/09,722
1650,2005/09/12,775
1651,2005/09/13,839
1652,2005/09/14,059
1653,2005/09/15,975
1654,2005/09/16,638
1655,2005/09/19,927
1656,2005/09/20,784
1657,2005/09/21,198
1658,2005/09/22,896
1659,2005/09/23,823
1660,2005/09/26,554
1661,2005/09/27,138
1662,2005/09/28,783
1663,2005/09/29,852
1664,2005/09/30,542
1665,2005/10/03,571
1666,2005/10/04,193
1667,2005/10/05,928
1668,2005/10/06,616
1669,2005/10/07,026
1670,2005/10/10,968
1671,2005/10/11,175
1672,2005/10/12,990
1673,2005/10/13,871
1674,2005/10/14,673
1675,2005/10/17,269
1676,2005/10/18,448
1677,2005/10/19,288
1678,2005/10/20,775
1679,2005/10/21,650
1680,2005/10/24,832
1681,2005/10/25,741
1682,2005/10/26,237
1683,2005/10/27,797
1684,2005/10/28,461
1685,2005/10/31,453
1686,2005/11/01,015
1687,2005/11/02,097
1688,2005/11/03,918
1689,2005/11/04,357
1690,2005/11/07,559
1691,2005/11/08,180
1692,2005/11/09,538
1693,2005/11/10,906
1694,2005/11/11,808
1695,2005/11/14,639
1696,2005/11/15,948
1697,2005/11/16,893
1698,2005/11/17,533
1699,2005/11/18,047
1700,2005/11/21,844
1701,2005/11/22,678
1702,2005/11/23,469
1703,2005/11/24,449
1704,2005/11/25,924
1705,2005/11/28,759
1706,2005/11/29,855
1707,2005/11/30,104
1708,2005/12/01,463
1709,2005/12/02,477
1710,2005/12/05,692
1711,2005/12/06,803
1712,2005/12/07,280
1713,2005/12/08,101
1714,2005/12/09,347
1715,2005/12/12,846
1716,2005/12/13,792
1717,2005/12/14,610
1718,2005/12/15,161
1719,2005/12/16,257
1720,2005/12/19,028
1721,2005/12/20,033
1722,2005/12/21,863
1723,2005/12/22,164
1724,2005/12/23,616
1725,2005/12/26,916
1726,2005/12/27,836
1727,2005/12/28,646
1728,2005/12/29,908
1729,2005/12/30,062
1730,2006/01/04,266
1731,2006/01/05,998
1732,2006/01/06,119
1733,2006/01/09,674
1734,2006/01/10,897
1735,2006/01/11,733
1736,2006/01/12,675
1737,2006/01/13,433
1738,2006/01/16,771
1739,2006/01/17,884
1740,2006/01/18,801
1741,2006/01/19,503
1742,2006/01/20,916
1743,2006/01/23,846
1744,2006/01/24,188
1745,2006/01/25,979
1746,2006/01/26,293
1747,2006/01/27,562
1748,2006/01/30,021
1749,2006/01/31,696
1750,2006/02/01,870
1751,2006/02/02,634
1752,2006/02/03,092
1753,2006/02/06,086
1754,2006/02/07,559
1755,2006/02/08,571
1756,2006/02/09,029
1757,2006/02/10,064
1758,2006/02/13,148
1759,2006/02/14,358
1760,2006/02/15,399
1761,2006/02/16,901
1762,2006/02/17,484
1763,2006/02/20,606
1764,2006/02/21,433
1765,2006/02/22,131
1766,2006/02/23,455
1767,2006/02/24,965
1768,2006/02/27,743
1769,2006/02/28,617
1770,2006/03/01,755
1771,2006/03/02,679
1772,2006/03/03,643
1773,2006/03/06,032
1774,2006/03/07,431
1775,2006/03/08,050
1776,2006/03/09,259
1777,2006/03/10,331
1778,2006/03/13,831
1779,2006/03/14,321
1780,2006/03/15,164
1781,2006/03/16,020
1782,2006/03/17,435
1783,2006/03/20,790
1784,2006/03/21,955
1785,2006/03/22,645
1786,2006/03/23,323
1787,2006/03/24,678
1788,2006/03/27,740
1789,2006/03/28,794
1790,2006/03/29,619
1791,2006/03/30,853
1792,2006/03/31,261
1793,2006/04/03,630
1794,2006/04/04,028
1795,2006/04/05,439
1796,2006/04/06,587
1797,2006/04/07,829
1798,2006/04/10,748
1799,2006/04/11,490
1800,2006/04/12,483
1801,2006/04/13,575
1802,2006/04/14,372
1803,2006/04/17,575
1804,2006/04/18,273
1805,2006/04/19,115
1806,2006/04/20,872
1807,2006/04/21,036
1808,2006/04/24,422
1809,2006/04/25,913
1810,2006/04/26,940
1811,2006/04/27,528
1812,2006/04/28,326
1813,2006/05/01,686
1814,2006/05/02,735
1815,2006/05/03,049
1816,2006/05/04,861
1817,2006/05/05,074
1818,2006/05/08,387
1819,2006/05/09,212
1820,2006/05/10,694
1821,2006/05/11,994
1822,2006/05/12,176
1823,2006/05/15,109
1824,2006/05/16,423
1825,2006/05/17,694
1826,2006/05/18,299
1827,2006/05/19,908
1828,2006/05/22,493
1829,2006/05/23,962
1830,2006/05/24,287
1831,2006/05/25,941
1832,2006/05/26,598
1833,2006/05/29,873
1834,2006/05/30,293
1835,2006/05/31,896
1836,2006/06/01,792
1837,2006/06/02,198
1838,2006/06/05,173
1839,2006/06/06,850
1840,2006/06/07,795
1841,2006/06/08,858
1842,2006/06/09,640
1843,2006/06/12,269
1844,2006/06/13,178
1845,2006/06/14,333
1846,2006/06/15,862
1847,2006/06/16,612
1848,2006/06/19,696
1849,2006/06/20,127
1850,2006/06/21,691
1851,2006/06/22,150
1852,2006/06/23,572
1853,2006/06/26,420
1854,2006/06/27,980
1855,2006/06/28,567
1856,2006/06/29,618
1857,2006/06/30,218
1858,2006/07/03,878
1859,2006/07/04,878
1860,2006/07/05,117
1861,2006/07/06,095
1862,2006/07/07,890
1863,2006/07/10,236
1864,2006/07/11,926
1865,2006/07/12,299
1866,2006/07/13,675
1867,2006/07/14,702
1868,2006/07/17,733
1869,2006/07/18,544
1870,2006/07/19,847
1871,2006/07/20,973
1872,2006/07/21,496
1873,2006/07/24,638
1874,2006/07/25,806
1875,2006/07/26,666
1876,2006/07/27,129
1877,2006/07/28,190
1878,2006/07/31,141
1879,2006/08/01,742
1880,2006/08/02,674
1881,2006/08/03,558
1882,2006/08/04,914
1883,2006/08/07,076
1884,2006/08/08,528
1885,2006/08/09,051
1886,2006/08/10,932
1887,2006/08/11,172
1888,2006/08/14,370
1889,2006/08/15,647
1890,2006/08/16,269
1891,2006/08/17,924
1892,2006/08/18,183
1893,2006/08/21,856
1894,2006/08/22,273
1895,2006/08/23,937
1896,2006/08/24,656
1897,2006/08/25,924
1898,2006/08/28,321
1899,2006/08/29,374
1900,2006/08/30,845
1901,2006/08/31,535
1902,2006/09/01,899
1903,2006/09/04,349
1904,2006/09/05,874
1905,2006/09/06,104
1906,2006/09/07,522
1907,2006/09/08,815
1908,2006/09/11,892
1909,2006/09/12,859
1910,2006/09/13,468
1911,2006/09/14,062
1912,2006/09/15,019
1913,2006/09/18,121
1914,2006/09/19,955
1915,2006/09/20,918
1916,2006/09/21,586
1917,2006/09/22,875
1918,2006/09/25,402
1919,2006/09/26,161
1920,2006/09/27,898
1921,2006/09/28,890
1922,2006/09/29,448
1923,2006/10/02,633
1924,2006/10/03,461
1925,2006/10/04,757
1926,2006/10/05,924
1927,2006/10/06,813
1928,2006/10/09,113
1929,2006/10/10,874
1930,2006/10/11,402
1931,2006/10/12,595
1932,2006/10/13,887
1933,2006/10/16,559
1934,2006/10/17,700
1935,2006/10/18,236
1936,2006/10/19,113
1937,2006/10/20,703
1938,2006/10/23,243
1939,2006/10/24,286
1940,2006/10/25,440
1941,2006/10/26,483
1942,2006/10/27,850
1943,2006/10/30,588
1944,2006/10/31,121
1945,2006/11/01,855
1946,2006/11/02,679
1947,2006/11/03,303
1948,2006/11/06,992
1949,2006/11/07,713
1950,2006/11/08,630
1951,2006/11/09,663
1952,2006/11/10,368
1953,2006/11/13,972
1954,2006/11/14,131
1955,2006/11/15,861
1956,2006/11/16,432
1957,2006/11/17,414
1958,2006/11/20,312
1959,2006/11/21,192
1960,2006/11/22,460
1961,2006/11/23,092
1962,2006/11/24,395
1963,2006/11/27,697
1964,2006/11/28,359
1965,2006/11/29,042
1966,2006/11/30,826
1967,2006/12/01,533
1968,2006/12/04,407
1969,2006/12/05,675
1970,2006/12/06,455
1971,2006/12/07,198
1972,2006/12/08,058
1973,2006/12/11,719
1974,2006/12/12,692
1975,2006/12/13,049
1976,2006/12/14,555
1977,2006/12/15,536
1978,2006/12/18,649
1979,2006/12/19,808
1980,2006/12/20,652
1981,2006/12/21,778
1982,2006/12/22,833
1983,2006/12/25,218
1984,2006/12/26,258
1985,2006/12/27,824
1986,2006/12/28,129
1987,2006/12/29,061
1988,2007/01/04,090
1989,2007/01/05,942
1990,2007/01/08,726
1991,2007/01/09,522
1992,2007/01/10,949
1993,2007/01/11,438
1994,2007/01/12,305
1995,2007/01/15,847
1996,2007/01/16,581
1997,2007/01/17,908
1998,2007/01/18,580
1999,2007/01/19,900
2000,2007/01/22,440
2001,2007/01/23,325
2002,2007/01/24,567
2003,2007/01/25,537
2004,2007/01/26,810
2005,2007/01/29,525
2006,2007/01/30,574
2007,2007/01/31,311
2008,2007/02/01,624
2009,2007/02/02,594
2010,2007/02/05,412
2011,2007/02/06,815
2012,2007/02/07,539
2013,2007/02/08,874
2014,2007/02/09,008
2015,2007/02/12,842
2016,2007/02/13,268
2017,2007/02/14,315
2018,2007/02/15,453
2019,2007/02/16,519
2020,2007/02/19,449
2021,2007/02/20,027
2022,2007/02/21,240
2023,2007/02/22,705
2024,2007/02/23,939
2025,2007/02/26,964
2026,2007/02/27,160
2027,2007/02/28,172
2028,2007/03/01,378
2029,2007/03/02,308
2030,2007/03/05,321
2031,2007/03/06,477
2032,2007/03/07,974
2033,2007/03/08,417
2034,2007/03/09,938
2035,2007/03/12,415
2036,2007/03/13,403
2037,2007/03/14,971
2038,2007/03/15,977
2039,2007/03/16,231
2040,2007/03/19,732
2041,2007/03/20,149
2042,2007/03/21,550
2043,2007/03/22,334
2044,2007/03/23,034
2045,2007/03/26,632
2046,2007/03/27,707
2047,2007/03/28,001
2048,2007/03/29,984
2049,2007/03/30,771
2050,2007/04/02,746
2051,2007/04/03,330
2052,2007/04/04,121
2053,2007/04/05,368
2054,2007/04/06,379
2055,2007/04/09,266
2056,2007/04/10,646
2057,2007/04/11,165
2058,2007/04/12,715
2059,2007/04/13,183
2060,2007/04/16,223
2061,2007/04/17,974
2062,2007/04/18,621
2063,2007/04/19,519
2064,2007/04/20,926
2065,2007/04/23,301
2066,2007/04/24,456
2067,2007/04/25,123
2068,2007/04/26,157
2069,2007/04/27,306
2070,2007/04/30,701
2071,2007/05/01,654
2072,2007/05/02,399
2073,2007/05/03,231
2074,2007/05/04,172
2075,2007/05/07,302
2076,2007/05/08,827
2077,2007/05/09,936
2078,2007/05/10,466
2079,2007/05/11,725
2080,2007/05/14,594
2081,2007/05/15,716
2082,2007/05/16,178
2083,2007/05/17,544
2084,2007/05/18,826
2085,2007/05/21,522
2086,2007/05/22,803
2087,2007/05/23,821
2088,2007/05/24,407
2089,2007/05/25,353
2090,2007/05/28,642
2091,2007/05/29,428
2092,2007/05/30,156
2093,2007/05/31,386
2094,2007/06/01,392
2095,2007/06/04,242
2096,2007/06/05,556
2097,2007/06/06,045
2098,2007/06/07,405
2099,2007/06/08,032
2100,2007/06/11,642
2101,2007/06/12,135
2102,2007/06/13,560
2103,2007/06/14,989
2104,2007/06/15,236
2105,2007/06/18,222
2106,2007/06/19,584
2107,2007/06/20,791
2108,2007/06/21,106
2109,2007/06/22,757
2110,2007/06/25,859
2111,2007/06/26,925
2112,2007/06/27,482
2113,2007/06/28,278
2114,2007/06/29,453
2115,2007/07/02,447
2116,2007/07/03,656
2117,2007/07/04,012
2118,2007/07/05,055
2119,2007/07/06,128
2120,2007/07/09,591
2121,2007/07/10,170
2122,2007/07/11,778
2123,2007/07/12,586
2124,2007/07/13,867
2125,2007/07/16,864
2126,2007/07/17,398
2127,2007/07/18,752
2128,2007/07/19,600
2129,2007/07/20,089
2130,2007/07/23,857
2131,2007/07/24,287
2132,2007/07/25,938
2133,2007/07/26,818
2134,2007/07/27,391
2135,2007/07/30,254
2136,2007/07/31,971
2137,2007/08/01,931
2138,2007/08/02,498
2139,2007/08/03,509
2140,2007/08/06,318
2141,2007/08/07,081
2142,2007/08/08,112
2143,2007/08/09,987
2144,2007/08/10,189
2145,2007/08/13,700
2146,2007/08/14,035
2147,2007/08/15,478
2148,2007/08/16,822
2149,2007/08/17,703
2150,2007/08/20,975
2151,2007/08/21,912
2152,2007/08/22,730
2153,2007/08/23,152
2154,2007/08/24,830
2155,2007/08/27,494
2156,2007/08/28,239
2157,2007/08/29,678
2158,2007/08/30,585
2159,2007/08/31,387
2160,2007/09/03,353
2161,2007/09/04,626
2162,2007/09/05,677
2163,2007/09/06,571
2164,2007/09/07,150
2165,2007/09/10,400
2166,2007/09/11,092
2167,2007/09/12,198
2168,2007/09/13,169
2169,2007/09/14,618
2170,2007/09/17,755
2171,2007/09/18,233
2172,2007/09/19,673
2173,2007/09/20,145
2174,2007/09/21,461
2175,2007/09/24,938
2176,2007/09/25,762
2177,2007/09/26,691
2178,2007/09/27,842
2179,2007/09/28,009
2180,2007/10/01,644
2181,2007/10/02,809
2182,2007/10/03,958
2183,2007/10/04,863
2184,2007/10/05,236
2185,2007/10/08,525
2186,2007/10/09,744
2187,2007/10/10,884
2188,2007/10/11,785
2189,2007/10/12,561
2190,2007/10/15,278
2191,2007/10/16,864
2192,2007/10/17,757
2193,2007/10/18,832
2194,2007/10/19,966
2195,2007/10/22,604
2196,2007/10/23,171
2197,2007/10/24,391
2198,2007/10/25,614
2199,2007/10/26,685
2200,2007/10/29,130
2201,2007/10/30,079
2202,2007/10/31,675
2203,2007/11/01,038
2204,2007/11/02,254
2205,2007/11/05,018
2206,2007/11/06,928
2207,2007/11/07,418
2208,2007/11/08,955
2209,2007/11/09,409
2210,2007/11/12,638
2211,2007/11/13,334
2212,2007/11/14,785
2213,2007/11/15,892
2214,2007/11/16,679
2215,2007/11/19,762
2216,2007/11/20,652
2217,2007/11/21,145
2218,2007/11/22,013
2219,2007/11/23,601
2220,2007/11/26,781
2221,2007/11/27,395
2222,2007/11/28,373
2223,2007/11/29,361
2224,2007/11/30,326
2225,2007/12/03,469
2226,2007/12/04,517
2227,2007/12/05,515
2228,2007/12/06,426
2229,2007/12/07,306
2230,2007/12/10,839
2231,2007/12/11,943
2232,2007/12/12,580
2233,2007/12/13,033
2234,2007/12/14,579
2235,2007/12/17,888
2236,2007/12/18,761
2237,2007/12/19,896
2238,2007/12/20,538
2239,2007/12/21,958
2240,2007/12/24,768
2241,2007/12/25,294
2242,2007/12/26,304
2243,2007/12/27,715
2244,2007/12/28,182
2245,2008/01/04,029
2246,2008/01/07,965
2247,2008/01/08,682
2248,2008/01/09,443
2249,2008/01/10,972
2250,2008/01/11,900
2251,2008/01/14,978
2252,2008/01/15,651
2253,2008/01/16,178
2254,2008/01/17,810
2255,2008/01/18,066
2256,2008/01/21,875
2257,2008/01/22,297
2258,2008/01/23,390
2259,2008/01/24,018
2260,2008/01/25,004
2261,2008/01/28,982
2262,2008/01/29,488
2263,2008/01/30,514
2264,2008/01/31,309
2265,2008/02/01,170
2266,2008/02/04,122
2267,2008/02/05,699
2268,2008/02/06,745
2269,2008/02/07,014
2270,2008/02/08,086
2271,2008/02/11,014
2272,2008/02/12,610
2273,2008/02/13,569
2274,2008/02/14,705
2275,2008/02/15,435
2276,2008/02/18,599
2277,2008/02/19,802
2278,2008/02/20,215
2279,2008/02/21,276
2280,2008/02/22,175
2281,2008/02/25,128
2282,2008/02/26,472
2283,2008/02/27,348
2284,2008/02/28,956
2285,2008/02/29,616
2286,2008/03/03,648
2287,2008/03/04,199
2288,2008/03/05,022
2289,2008/03/06,858
2290,2008/03/07,842
2291,2008/03/10,686
2292,2008/03/11,685
2293,2008/03/12,633
2294,2008/03/13,139
2295,2008/03/14,317
2296,2008/03/17,281
2297,2008/03/18,440
2298,2008/03/19,240
2299,2008/03/20,418
2300,2008/03/21,411
2301,2008/03/24,048
2302,2008/03/25,849
2303,2008/03/26,022
2304,2008/03/27,631
2305,2008/03/28,197
2306,2008/03/31,909
2307,2008/04/01,401
2308,2008/04/02,601
2309,2008/04/03,279
2310,2008/04/04,889
2311,2008/04/07,457
2312,2008/04/08,478
2313,2008/04/09,412
2314,2008/04/10,499
2315,2008/04/11,946
2316,2008/04/14,422
2317,2008/04/15,165
2318,2008/04/16,230
2319,2008/04/17,237
2320,2008/04/18,617
2321,2008/04/21,668
2322,2008/04/22,679
2323,2008/04/23,621
2324,2008/04/24,774
2325,2008/04/25,117
2326,2008/04/28,670
2327,2008/04/29,212
2328,2008/04/30,724
2329,2008/05/01,162
2330,2008/05/02,751
2331,2008/05/05,779
2332,2008/05/06,627
2333,2008/05/07,046
2334,2008/05/08,276
2335,2008/05/09,655
2336,2008/05/12,970
2337,2008/05/13,907
2338,2008/05/14,357
2339,2008/05/15,302
2340,2008/05/16,119
2341,2008/05/19,728
2342,2008/05/20,874
2343,2008/05/21,950
2344,2008/05/22,677
2345,2008/05/23,316
2346,2008/05/26,613
2347,2008/05/27,183
2348,2008/05/28,975
2349,2008/05/29,842
2350,2008/05/30,772
2351,2008/06/02,342
2352,2008/06/03,041
2353,2008/06/04,471
2354,2008/06/05,739
2355,2008/06/06,453
2356,2008/06/09,091
2357,2008/06/10,596
2358,2008/06/11,704
2359,2008/06/12,538
2360,2008/06/13,272
2361,2008/06/16,474
2362,2008/06/17,809
2363,2008/06/18,215
2364,2008/06/19,401
2365,2008/06/20,070
2366,2008/06/23,991
2367,2008/06/24,777
2368,2008/06/25,597
2369,2008/06/26,009
2370,2008/06/27,816
2371,2008/06/30,960
2372,2008/07/01,856
2373,2008/07/02,703
2374,2008/07/03,943
2375,2008/07/04,618
2376,2008/07/07,271
2377,2008/07/08,202
2378,2008/07/09,808
2379,2008/07/10,200
2380,2008/07/11,372
2381,2008/07/14,286
2382,2008/07/15,141
2383,2008/07/16,568
2384,2008/07/17,066
2385,2008/07/18,733
2386,2008/07/21,141
2387,2008/07/22,626
2388,2008/07/23,475
2389,2008/07/24,142
2390,2008/07/25,271
2391,2008/07/28,900
2392,2008/07/29,325
2393,2008/07/30,963
2394,2008/07/31,008
2395,2008/08/01,169
2396,2008/08/04,003
2397,2008/08/05,531
2398,2008/08/06,140
2399,2008/08/07,801
2400,2008/08/08,703
2401,2008/08/11,117
2402,2008/08/12,928
2403,2008/08/13,750
2404,2008/08/14,158
2405,2008/08/15,311
2406,2008/08/18,247
2407,2008/08/19,812
2408,2008/08/20,016
2409,2008/08/21,677
2410,2008/08/22,551
2411,2008/08/25,667
2412,2008/08/26,725
2413,2008/08/27,764
2414,2008/08/28,483
2415,2008/08/29,734
2416,2008/09/01,200
2417,2008/09/02,200
2418,2008/09/03,425
2419,2008/09/04,532
2420,2008/09/05,801
2421,2008/09/08,148
2422,2008/09/09,417
2423,2008/09/10,953
2424,2008/09/11,718
2425,2008/09/12,621
2426,2008/09/15,472
2427,2008/09/16,232
2428,2008/09/17,748
2429,2008/09/18,432
2430,2008/09/19,314
2431,2008/09/22,675
2432,2008/09/23,223
2433,2008/09/24,440
2434,2008/09/25,544
2435,2008/09/26,972
2436,2008/09/29,321
2437,2008/09/30,817
2438,2008/10/01,802
2439,2008/10/02,157
2440,2008/10/03,234
2441,2008/10/06,187
2442,2008/10/07,591
2443,2008/10/08,015
2444,2008/10/09,493
2445,2008/10/10,410
2446,2008/10/13,468
2447,2008/10/14,560
2448,2008/10/15,950
2449,2008/10/16,136
2450,2008/10/17,327
2451,2008/10/20,618
2452,2008/10/21,053
2453,2008/10/22,213
2454,2008/10/23,562
2455,2008/10/24,247
2456,2008/10/27,969
2457,2008/10/28,625
2458,2008/10/29,942
2459,2008/10/30,108
2460,2008/10/31,449
2461,2008/11/03,226
2462,2008/11/04,600
2463,2008/11/05,089
2464,2008/11/06,150
2465,2008/11/07,996
2466,2008/11/10,634
2467,2008/11/11,758
2468,2008/11/12,178
2469,2008/11/13,868
2470,2008/11/14,654
2471,2008/11/17,424
2472,2008/11/18,862
2473,2008/11/19,278
2474,2008/11/20,870
2475,2008/11/21,933
2476,2008/11/24,560
2477,2008/11/25,381
2478,2008/11/26,425
2479,2008/11/27,020
2480,2008/11/28,879
2481,2008/12/01,908
2482,2008/12/02,415
2483,2008/12/03,707
2484,2008/12/04,082
2485,2008/12/05,588
2486,2008/12/08,341
2487,2008/12/09,260
2488,2008/12/10,927
2489,2008/12/11,075
2490,2008/12/12,308
2491,2008/12/15,420
2492,2008/12/16,155
2493,2008/12/17,640
2494,2008/12/18,669
2495,2008/12/19,012
2496,2008/12/22,514
2497,2008/12/23,630
2498,2008/12/24,300
2499,2008/12/25,817
2500,2008/12/26,885
2501,2008/12/29,610
2502,2008/12/30,654
2503,2009/01/05,534
2504,2009/01/06,799
2505,2009/01/07,797
2506,2009/01/08,724
2507,2009/01/09,685
2508,2009/01/12,328
2509,2009/01/13,001
2510,2009/01/14,243
2511,2009/01/15,715
2512,2009/01/16,308
2513,2009/01/19,233
2514,2009/01/20,776
2515,2009/01/21,828
2516,2009/01/22,614
2517,2009/01/23,593
2518,2009/01/26,509
2519,2009/01/27,762
2520,2009/01/28,826
2521,2009/01/29,845
2522,2009/01/30,631
2523,2009/02/02,412
2524,2009/02/03,461
2525,2009/02/04,434
2526,2009/02/05,573
2527,2009/02/06,147
2528,2009/02/09,069
2529,2009/02/10,320
2530,2009/02/11,776
2531,2009/02/12,319
2532,2009/02/13,031
2533,2009/02/16,529
2534,2009/02/17,648
2535,2009/02/18,134
2536,2009/02/19,133
2537,2009/02/20,070
2538,2009/02/23,484
2539,2009/02/24,686
2540,2009/02/25,787
2541,2009/02/26,788
2542,2009/02/27,660
2543,2009/03/02,596
2544,2009/03/03,403
2545,2009/03/04,660
2546,2009/03/05,011
2547,2009/03/06,992
2548,2009/03/09,779
2549,2009/03/10,481
2550,2009/03/11,814
2551,2009/03/12,571
2552,2009/03/13,195
2553,2009/03/16,404
2554,2009/03/17,828
2555,2009/03/18,118
2556,2009/03/19,586
2557,2009/03/20,050
2558,2009/03/23,611
2559,2009/03/24,445
2560,2009/03/25,753
2561,2009/03/26,667
2562,2009/03/27,117
2563,2009/03/30,413
2564,2009/03/31,566
2565,2009/04/01,597
2566,2009/04/02,308
2567,2009/04/03,477
2568,2009/04/06,890
2569,2009/04/07,283
2570,2009/04/08,472
2571,2009/04/09,169
2572,2009/04/10,400
2573,2009/04/13,910
2574,2009/04/14,396
2575,2009/04/15,401
2576,2009/04/16,870
2577,2009/04/17,925
2578,2009/04/20,125
2579,2009/04/21,397
2580,2009/04/22,315
2581,2009/04/23,916
2582,2009/04/24,179
2583,2009/04/27,938
2584,2009/04/28,263
2585,2009/04/29,943
2586,2009/04/30,124
2587,2009/05/01,775
2588,2009/05/04,714
2589,2009/05/05,967
2590,2009/05/06,401
2591,2009/05/07,972
2592,2009/05/08,183
2593,2009/05/11,637
2594,2009/05/12,713
2595,2009/05/13,117
2596,2009/05/14,769
2597,2009/05/15,948
2598,2009/05/18,854
2599,2009/05/19,023
2600,2009/05/20,748
2601,2009/05/21,125
2602,2009/05/22,087
2603,2009/05/25,869
2604,2009/05/26,870
2605,2009/05/27,412
2606,2009/05/28,114
2607,2009/05/29,227
2608,2009/06/01,108
2609,2009/06/02,679
2610,2009/06/03,643
2611,2009/06/04,109
2612,2009/06/05,617
2613,2009/06/08,831
2614,2009/06/09,668
2615,2009/06/10,207
2616,2009/06/11,047
2617,2009/06/12,569
2618,2009/06/15,759
2619,2009/06/16,613
2620,2009/06/17,275
2621,2009/06/18,308
2622,2009/06/19,354
2623,2009/06/22,619
2624,2009/06/23,875
2625,2009/06/24,996
2626,2009/06/25,406
2627,2009/06/26,524
2628,2009/06/29,209
2629,2009/06/30,536
2630,2009/07/01,934
2631,2009/07/02,066
2632,2009/07/03,175
2633,2009/07/06,814
2634,2009/07/07,548
2635,2009/07/08,974
2636,2009/07/09,819
2637,2009/07/10,818
2638,2009/07/13,658
2639,2009/07/14,466
2640,2009/07/15,183
2641,2009/07/16,781
2642,2009/07/17,613
2643,2009/07/20,381
2644,2009/07/21,605
2645,2009/07/22,923
2646,2009/07/23,422
2647,2009/07/24,891
2648,2009/07/27,089
2649,2009/07/28,195
2650,2009/07/29,166
2651,2009/07/30,222
2652,2009/07/31,236
2653,2009/08/03,070
2654,2009/08/04,156
2655,2009/08/05,809
2656,2009/08/06,196
2657,2009/08/07,395
2658,2009/08/10,878
2659,2009/08/11,992
2660,2009/08/12,711
2661,2009/08/13,733
2662,2009/08/14,040
2663,2009/08/17,259
2664,2009/08/18,382
2665,2009/08/19,248
2666,2009/08/20,271
2667,2009/08/21,376
2668,2009/08/24,436
2669,2009/08/25,420
2670,2009/08/26,824
2671,2009/08/27,434
2672,2009/08/28,565
2673,2009/08/31,935
2674,2009/09/01,298
2675,2009/09/02,130
2676,2009/09/03,805
2677,2009/09/04,507
2678,2009/09/07,129
2679,2009/09/08,833
2680,2009/09/09,760
2681,2009/09/10,469
2682,2009/09/11,977
2683,2009/09/14,584
2684,2009/09/15,336
2685,2009/09/16,624
2686,2009/09/17,834
2687,2009/09/18,032
2688,2009/09/21,799
2689,2009/09/22,728
2690,2009/09/23,565
2691,2009/09/24,446
2692,2009/09/25,225
2693,2009/09/28,545
2694,2009/09/29,076
2695,2009/09/30,368
2696,2009/10/01,341
2697,2009/10/02,684
2698,2009/10/05,853
2699,2009/10/06,943
2700,2009/10/07,280
2701,2009/10/08,493
2702,2009/10/09,145
2703,2009/10/12,721
2704,2009/10/13,071
2705,2009/10/14,767
2706,2009/10/15,951
2707,2009/10/16,153
2708,2009/10/19,113
2709,2009/10/20,493
2710,2009/10/21,295
2711,2009/10/22,132
2712,2009/10/23,659
2713,2009/10/26,572
2714,2009/10/27,911
2715,2009/10/28,709
2716,2009/10/29,837
2717,2009/10/30,803
2718,2009/11/02,024
2719,2009/11/03,505
2720,2009/11/04,747
2721,2009/11/05,414
2722,2009/11/06,578
2723,2009/11/09,611
2724,2009/11/10,309
2725,2009/11/11,286
2726,2009/11/12,977
2727,2009/11/13,864
2728,2009/11/16,141
2729,2009/11/17,790
2730,2009/11/18,184
2731,2009/11/19,204
2732,2009/11/20,967
2733,2009/11/23,887
2734,2009/11/24,702
2735,2009/11/25,660
2736,2009/11/26,973
2737,2009/11/27,342
2738,2009/11/30,676
2739,2009/12/01,502
2740,2009/12/02,875
2741,2009/12/03,640
2742,2009/12/04,606
2743,2009/12/07,026
2744,2009/12/08,050
2745,2009/12/09,385
2746,2009/12/10,967
2747,2009/12/11,941
2748,2009/12/14,476
2749,2009/12/15,437
2750,2009/12/16,336
2751,2009/12/17,200
2752,2009/12/18,589
2753,2009/12/21,891
2754,2009/12/22,551
2755,2009/12/23,198
2756,2009/12/24,237
2757,2009/12/25,756
2758,2009/12/28,355
2759,2009/12/29,812
2760,2009/12/30,552
2761,2010/01/04,232
2762,2010/01/05,619
2763,2010/01/06,112
2764,2010/01/07,845
2765,2010/01/08,523
2766,2010/01/11,032
2767,2010/01/12,850
2768,2010/01/13,999
2769,2010/01/14,900
2770,2010/01/15,271
2771,2010/01/18,035
2772,2010/01/19,579
2773,2010/01/20,919
2774,2010/01/21,236
2775,2010/01/22,258
2776,2010/01/25,029
2777,2010/01/26,452
2778,2010/01/27,227
2779,2010/01/28,422
2780,2010/01/29,562
2781,2010/02/01,351
2782,2010/02/02,252
2783,2010/02/03,677
2784,2010/02/04,829
2785,2010/02/05,932
2786,2010/02/08,747
2787,2010/02/09,350
2788,2010/02/10,295
2789,2010/02/11,726
2790,2010/02/12,959
2791,2010/02/15,768
2792,2010/02/16,135
2793,2010/02/17,071
2794,2010/02/18,232
2795,2010/02/19,650
2796,2010/02/22,738
2797,2010/02/23,063
2798,2010/02/24,179
2799,2010/02/25,389
2800,2010/02/26,122
2801,2010/03/01,963
2802,2010/03/02,856
2803,2010/03/03,581
2804,2010/03/04,334
2805,2010/03/05,066
2806,2010/03/08,117
2807,2010/03/09,640
2808,2010/03/10,848
2809,2010/03/11,484
2810,2010/03/12,527
2811,2010/03/15,157
2812,2010/03/16,443
2813,2010/03/17,714
2814,2010/03/18,921
2815,2010/03/19,810
2816,2010/03/22,507
2817,2010/03/23,999
2818,2010/03/24,986
2819,2010/03/25,229
2820,2010/03/26,860
2821,2010/03/29,659
2822,2010/03/30,463
2823,2010/03/31,698
2824,2010/04/01,862
2825,2010/04/02,848
2826,2010/04/05,258
2827,2010/04/06,638
2828,2010/04/07,448
2829,2010/04/08,643
2830,2010/04/09,629
2831,2010/04/12,696
2832,2010/04/13,354
2833,2010/04/14,618
2834,2010/04/15,815
2835,2010/04/16,558
2836,2010/04/19,420
2837,2010/04/20,265
2838,2010/04/21,304
2839,2010/04/22,928
2840,2010/04/23,142
2841,2010/04/26,954
2842,2010/04/27,368
2843,2010/04/28,802
2844,2010/04/29,371
2845,2010/04/30,108
2846,2010/05/03,802
2847,2010/05/04,916
2848,2010/05/05,948
2849,2010/05/06,041
2850,2010/05/07,752
2851,2010/05/10,227
2852,2010/05/11,162
2853,2010/05/12,093
2854,2010/05/13,949
2855,2010/05/14,428
2856,2010/05/17,427
2857,2010/05/18,832
2858,2010/05/19,514
2859,2010/05/20,919
2860,2010/05/21,803
2861,2010/05/24,017
2862,2010/05/25,786
2863,2010/05/26,417
2864,2010/05/27,169
2865,2010/05/28,589
2866,2010/05/31,182
2867,2010/06/01,727
2868,2010/06/02,520
2869,2010/06/03,567
2870,2010/06/04,951
2871,2010/06/07,895
2872,2010/06/08,882
2873,2010/06/09,998
2874,2010/06/10,328
2875,2010/06/11,239
2876,2010/06/14,999
2877,2010/06/15,313
2878,2010/06/16,168
2879,2010/06/17,030
2880,2010/06/18,027
2881,2010/06/21,606
2882,2010/06/22,549
2883,2010/06/23,091
2884,2010/06/24,554
2885,2010/06/25,089
2886,2010/06/28,505
2887,2010/06/29,554
2888,2010/06/30,497
2889,2010/07/01,104
2890,2010/07/02,023
2891,2010/07/05,458
2892,2010/07/06,274
2893,2010/07/07,458
2894,2010/07/08,824
2895,2010/07/09,287
2896,2010/07/12,867
2897,2010/07/13,105
2898,2010/07/14,890
2899,2010/07/15,731
2900,2010/07/16,395
2901,2010/07/19,523
2902,2010/07/20,883
2903,2010/07/21,548
2904,2010/07/22,223
2905,2010/07/23,551
2906,2010/07/26,396
2907,2010/07/27,216
2908,2010/07/28,793
2909,2010/07/29,827
2910,2010/07/30,990
2911,2010/08/02,539
2912,2010/08/03,014
2913,2010/08/04,828
2914,2010/08/05,673
2915,2010/08/06,011
2916,2010/08/09,076
2917,2010/08/10,403
2918,2010/08/11,054
2919,2010/08/12,607
2920,2010/08/13,424
2921,2010/08/16,232
2922,2010/08/17,193
2923,2010/08/18,931
2924,2010/08/19,633
2925,2010/08/20,092
2926,2010/08/23,530
2927,2010/08/24,553
2928,2010/08/25,371
2929,2010/08/26,199
2930,2010/08/27,054
2931,2010/08/30,296
2932,2010/08/31,551
2933,2010/09/01,698
2934,2010/09/02,496
2935,2010/09/03,685
2936,2010/09/06,007
2937,2010/09/07,736
2938,2010/09/08,257
2939,2010/09/09,119
2940,2010/09/10,221
2941,2010/09/13,393
2942,2010/09/14,257
2943,2010/09/15,884
2944,2010/09/16,442
2945,2010/09/17,961
2946,2010/09/20,475
2947,2010/09/21,155
2948,2010/09/22,376
2949,2010/09/23,663
2950,2010/09/24,619
2951,2010/09/27,188
2952,2010/09/28,072
2953,2010/09/29,214
2954,2010/09/30,618
2955,2010/10/01,433
2956,2010/10/04,496
2957,2010/10/05,196
2958,2010/10/06,296
2959,2010/10/07,581
2960,2010/10/08,936
2961,2010/10/11,870
2962,2010/10/12,915
2963,2010/10/13,851
2964,2010/10/14,722
2965,2010/10/15,368
2966,2010/10/18,680
2967,2010/10/19,435
2968,2010/10/20,611
2969,2010/10/21,704
2970,2010/10/22,932
2971,2010/10/25,228
2972,2010/10/26,207
2973,2010/10/27,227
2974,2010/10/28,666
2975,2010/10/29,254
2976,2010/11/01,204
2977,2010/11/02,880
2978,2010/11/03,895
2979,2010/11/04,624
2980,2010/11/05,676
2981,2010/11/08,742
2982,2010/11/09,503
2983,2010/11/10,279
2984,2010/11/11,692
2985,2010/11/12,719
2986,2010/11/15,656
2987,2010/11/16,139
2988,2010/11/17,703
2989,2010/11/18,697
2990,2010/11/19,345
2991,2010/11/22,272
2992,2010/11/23,153
2993,2010/11/24,448
2994,2010/11/25,731
2995,2010/11/26,897
2996,2010/11/29,920
2997,2010/11/30,852
2998,2010/12/01,355
2999,2010/12/02,551
3000,2010/12/03,206
3001,2010/12/06,971
3002,2010/12/07,947
3003,2010/12/08,583
3004,2010/12/09,074
3005,2010/12/10,943
3006,2010/12/13,180
3007,2010/12/14,435
3008,2010/12/15,393
3009,2010/12/16,665
3010,2010/12/17,069
3011,2010/12/20,810
3012,2010/12/21,554
3013,2010/12/22,819
3014,2010/12/23,016
3015,2010/12/24,157
3016,2010/12/27,384
3017,2010/12/28,176
3018,2010/12/29,749
3019,2010/12/30,349
3020,2011/01/04,534
3021,2011/01/05,692
3022,2011/01/06,880
3023,2011/01/07,775
3024,2011/01/10,975
3025,2011/01/11,757
3026,2011/01/12,282
3027,2011/01/13,798
3028,2011/01/14,449
3029,2011/01/17,525
3030,2011/01/18,691
3031,2011/01/19,424
3032,2011/01/20,353
3033,2011/01/21,923
3034,2011/01/24,193
3035,2011/01/25,269
3036,2011/01/26,099
3037,2011/01/27,479
3038,2011/01/28,222
3039,2011/01/31,819
3040,2011/02/01,110
3041,2011/02/02,594
3042,2011/02/03,327
3043,2011/02/04,761
3044,2011/02/07,628
3045,2011/02/08,166
3046,2011/02/09,576
3047,2011/02/10,841
3048,2011/02/11,946
3049,2011/02/14,457
3050,2011/02/15,047
3051,2011/02/16,205
3052,2011/02/17,263
3053,2011/02/18,080
3054,2011/02/21,008
3055,2011/02/22,402
3056,2011/02/23,374
3057,2011/02/24,004
3058,2011/02/25,475
3059,2011/02/28,345
3060,2011/03/01,082
3061,2011/03/02,331
3062,2011/03/03,806
3063,2011/03/04,545
3064,2011/03/07,976
3065,2011/03/08,152
3066,2011/03/09,215
3067,2011/03/10,724
3068,2011/03/11,437
3069,2011/03/14,635
3070,2011/03/15,746
3071,2011/03/16,402
3072,2011/03/17,557
3073,2011/03/18,095
3074,2011/03/21,138
3075,2011/03/22,318
3076,2011/03/23,261
3077,2011/03/24,704
3078,2011/03/25,298
3079,2011/03/28,335
3080,2011/03/29,680
3081,2011/03/30,352
3082,2011/03/31,225
3083,2011/04/01,929
3084,2011/04/04,643
3085,2011/04/05,303
3086,2011/04/06,763
3087,2011/04/07,360
3088,2011/04/08,061
3089,2011/04/11,495
3090,2011/04/12,657
3091,2011/04/13,200
3092,2011/04/14,963
3093,2011/04/15,788
3094,2011/04/18,504
3095,2011/04/19,150
3096,2011/04/20,929
3097,2011/04/21,339
3098,2011/04/22,509
3099,2011/04/25,657
3100,2011/04/26,092
3101,2011/04/27,066
3102,2011/04/28,024
3103,2011/04/29,355
3104,2011/05/02,606
3105,2011/05/03,192
3106,2011/05/04,807
3107,2011/05/05,586
3108,2011/05/06,500
3109,2011/05/09,869
3110,2011/05/10,447
3111,2011/05/11,671
3112,2011/05/12,514
3113,2011/05/13,574
3114,2011/05/16,705
3115,2011/05/17,310
3116,2011/05/18,074
3117,2011/05/19,674
3118,2011/05/20,966
3119,2011/05/23,995
3120,2011/05/24,362
3121,2011/05/25,655
3122,2011/05/26,199
3123,2011/05/27,359
3124,2011/05/30,091
3125,2011/05/31,253
3126,2011/06/01,082
3127,2011/06/02,168
3128,2011/06/03,719
3129,2011/06/06,580
3130,2011/06/07,998
3131,2011/06/08,910
3132,2011/06/09,600
3133,2011/06/10,922
3134,2011/06/13,201
3135,2011/06/14,655
3136,2011/06/15,944
3137,2011/06/16,397
3138,2011/06/17,005
3139,2011/06/20,714
3140,2011/06/21,643
3141,2011/06/22,324
3142,2011/06/23,845
3143,2011/06/24,997
3144,2011/06/27,674
3145,2011/06/28,734
3146,2011/06/29,210
3147,2011/06/30,825
3148,2011/07/01,872
3149,2011/07/04,140
3150,2011/07/05,833
3151,2011/07/06,408
3152,2011/07/07,594
3153,2011/07/08,827
3154,2011/07/11,161
3155,2011/07/12,747
3156,2011/07/13,366
3157,2011/07/14,973
3158,2011/07/15,291
3159,2011/07/18,988
3160,2011/07/19,194
3161,2011/07/20,319
3162,2011/07/21,534
3163,2011/07/22,571
3164,2011/07/25,420
3165,2011/07/26,954
3166,2011/07/27,706
3167,2011/07/28,759
3168,2011/07/29,622
3169,2011/08/01,983
3170,2011/08/02,006
3171,2011/08/03,981
3172,2011/08/04,815
3173,2011/08/05,811
3174,2011/08/08,449
3175,2011/08/09,676
3176,2011/08/10,662
3177,2011/08/11,376
3178,2011/08/12,767
3179,2011/08/15,391
3180,2011/08/16,293
3181,2011/08/17,220
3182,2011/08/18,393
3183,2011/08/19,508
3184,2011/08/22,142
3185,2011/08/23,183
3186,2011/08/24,863
3187,2011/08/25,267
3188,2011/08/26,703
3189,2011/08/29,922
3190,2011/08/30,891
3191,2011/08/31,725
3192,2011/09/01,469
3193,2011/09/02,674
3194,2011/09/05,262
3195,2011/09/06,464
3196,2011/09/07,854
3197,2011/09/08,401
3198,2011/09/09,007
3199,2011/09/12,425
3200,2011/09/13,705
3201,2011/09/14,286
3202,2011/09/15,606
3203,2011/09/16,966
3204,2011/09/19,203
3205,2011/09/20,316
3206,2011/09/21,874
3207,2011/09/22,251
3208,2011/09/23,703
3209,2011/09/26,180
3210,2011/09/27,679
3211,2011/09/28,232
3212,2011/09/29,404
3213,2011/09/30,978
3214,2011/10/03,418
3215,2011/10/04,854
3216,2011/10/05,256
3217,2011/10/06,047
3218,2011/10/07,208
3219,2011/10/10,393
3220,2011/10/11,644
3221,2011/10/12,353
3222,2011/10/13,589
3223,2011/10/14,680
3224,2011/10/17,957
3225,2011/10/18,082
3226,2011/10/19,237
3227,2011/10/20,087
3228,2011/10/21,859
3229,2011/10/24,369
3230,2011/10/25,760
3231,2011/10/26,877
3232,2011/10/27,856
3233,2011/10/28,677
3234,2011/10/31,488
3235,2011/11/01,740
3236,2011/11/02,569
3237,2011/11/03,750
3238,2011/11/04,218
3239,2011/11/07,770
3240,2011/11/08,711
3241,2011/11/09,252
3242,2011/11/10,901
3243,2011/11/11,798
3244,2011/11/14,124
3245,2011/11/15,103
3246,2011/11/16,213
3247,2011/11/17,660
3248,2011/11/18,875
3249,2011/11/21,984
3250,2011/11/22,835
3251,2011/11/23,347
3252,2011/11/24,642
3253,2011/11/25,090
3254,2011/11/28,180
3255,2011/11/29,861
3256,2011/11/30,267
3257,2011/12/01,300
3258,2011/12/02,883
3259,2011/12/05,048
3260,2011/12/06,603
3261,2011/12/07,318
3262,2011/12/08,174
3263,2011/12/09,166
3264,2011/12/12,188
3265,2011/12/13,317
3266,2011/12/14,029
3267,2011/12/15,409
3268,2011/12/16,591
3269,2011/12/19,526
3270,2011/12/20,853
3271,2011/12/21,198
3272,2011/12/22,045
3273,2011/12/23,427
3274,2011/12/26,029
3275,2011/12/27,941
3276,2011/12/28,228
3277,2011/12/29,389
3278,2011/12/30,786
3279,2012/01/04,416
3280,2012/01/05,447
3281,2012/01/06,458
3282,2012/01/09,965
3283,2012/01/10,813
3284,2012/01/11,861
3285,2012/01/12,552
3286,2012/01/13,910
3287,2012/01/16,674
3288,2012/01/17,398
3289,2012/01/18,093
3290,2012/01/19,251
3291,2012/01/20,556
3292,2012/01/23,707
3293,2012/01/24,478
3294,2012/01/25,017
3295,2012/01/26,233
3296,2012/01/27,079
3297,2012/01/30,181
3298,2012/01/31,718
3299,2012/02/01,076
3300,2012/02/02,782
3301,2012/02/03,768
3302,2012/02/06,871
3303,2012/02/07,933
3304,2012/02/08,890
3305,2012/02/09,359
3306,2012/02/10,005
3307,2012/02/13,732
3308,2012/02/14,219
3309,2012/02/15,059
3310,2012/02/16,668
3311,2012/02/17,629
3312,2012/02/20,563
3313,2012/02/21,126
3314,2012/02/22,141
3315,2012/02/23,366
3316,2012/02/24,267
3317,2012/02/27,343
3318,2012/02/28,490
3319,2012/02/29,874
3320,2012/03/01,012
3321,2012/03/02,007
3322,2012/03/05,976
3323,2012/03/06,833
3324,2012/03/07,017
3325,2012/03/08,940
3326,2012/03/09,422
3327,2012/03/12,771
3328,2012/03/13,300
3329,2012/03/14,906
3330,2012/03/15,552
3331,2012/03/16,136
3332,2012/03/19,160
3333,2012/03/20,800
3334,2012/03/21,241
3335,2012/03/22,158
3336,2012/03/23,228
3337,2012/03/26,226
3338,2012/03/27,599
3339,2012/03/28,124
3340,2012/03/29,594
3341,2012/03/30,627
3342,2012/04/02,860
3343,2012/04/03,766
3344,2012/04/04,575
3345,2012/04/05,895
3346,2012/04/06,952
3347,2012/04/09,790
3348,2012/04/10,284
3349,2012/04/11,175
3350,2012/04/12,916
3351,2012/04/13,098
3352,2012/04/16,789
3353,2012/04/17,667
3354,2012/04/18,105
3355,2012/04/19,278
3356,2012/04/20,420
3357,2012/04/23,451
3358,2012/04/24,378
3359,2012/04/25,994
3360,2012/04/26,322
3361,2012/04/27,564
3362,2012/04/30,448
3363,2012/05/01,905
3364,2012/05/02,138
3365,2012/05/03,064
3366,2012/05/04,409
3367,2012/05/07,701
3368,2012/05/08,685
3369,2012/05/09,214
3370,2012/05/10,535
3371,2012/05/11,439
3372,2012/05/14,301
3373,2012/05/15,709
3374,2012/05/16,286
3375,2012/05/17,885
3376,2012/05/18,156
3377,2012/05/21,828
3378,2012/05/22,768
3379,2012/05/23,073
3380,2012/05/24,547
3381,2012/05/25,262
3382,2012/05/28,320
3383,2012/05/29,538
3384,2012/05/30,038
3385,2012/05/31,975
3386,2012/06/01,729
3387,2012/06/04,221
3388,2012/06/05,819
3389,2012/06/06,917
3390,2012/06/07,197
3391,2012/06/08,696
3392,2012/06/11,600
3393,2012/06/12,098
3394,2012/06/13,194
3395,2012/06/14,495
3396,2012/06/15,051
3397,2012/06/18,826
3398,2012/06/19,137
3399,2012/06/20,486
3400,2012/06/21,714
3401,2012/06/22,811
3402,2012/06/25,523
3403,2012/06/26,357
3404,2012/06/27,884
3405,2012/06/28,819
3406,2012/06/29,410
3407,2012/07/02,835
3408,2012/07/03,077
3409,2012/07/04,851
3410,2012/07/05,550
3411,2012/07/06,148
3412,2012/07/09,092
3413,2012/07/10,738
3414,2012/07/11,034
3415,2012/07/12,612
3416,2012/07/13,680
3417,2012/07/16,047
3418,2012/07/17,544
3419,2012/07/18,825
3420,2012/07/19,377
3421,2012/07/20,515
3422,2012/07/23,615
3423,2012/07/24,059
3424,2012/07/25,899
3425,2012/07/26,506
3426,2012/07/27,726
3427,2012/07/30,486
3428,2012/07/31,916
3429,2012/08/01,568
3430,2012/08/02,261
3431,2012/08/03,360
3432,2012/08/06,055
3433,2012/08/07,788
3434,2012/08/08,121
3435,2012/08/09,343
3436,2012/08/10,090
3437,2012/08/13,302
3438,2012/08/14,333
3439,2012/08/15,430
3440,2012/08/16,979
3441,2012/08/17,911
3442,2012/08/20,689
3443,2012/08/21,656
3444,2012/08/22,810
3445,2012/08/23,514
3446,2012/08/24,537
3447,2012/08/27,099
3448,2012/08/28,282
3449,2012/08/29,887
3450,2012/08/30,526
3451,2012/08/31,310
3452,2012/09/03,458
3453,2012/09/04,357
3454,2012/09/05,748
3455,2012/09/06,988
3456,2012/09/07,926
3457,2012/09/10,351
3458,2012/09/11,185
3459,2012/09/12,441
3460,2012/09/13,124
3461,2012/09/14,445
3462,2012/09/17,784
3463,2012/09/18,731
3464,2012/09/19,728
3465,2012/09/20,049
3466,2012/09/21,059
3467,2012/09/24,715
3468,2012/09/25,100
3469,2012/09/26,466
3470,2012/09/27,660
3471,2012/09/28,928
3472,2012/10/01,274
3473,2012/10/02,298
3474,2012/10/03,498
3475,2012/10/04,116
3476,2012/10/05,851
3477,2012/10/08,782
3478,2012/10/09,144
3479,2012/10/10,042
3480,2012/10/11,612
3481,2012/10/12,472
3482,2012/10/15,063
3483,2012/10/16,236
3484,2012/10/17,033
3485,2012/10/18,662
3486,2012/10/19,320
3487,2012/10/22,714
3488,2012/10/23,240
3489,2012/10/24,341
3490,2012/10/25,837
3491,2012/10/26,697
3492,2012/10/29,480
3493,2012/10/30,804
3494,2012/10/31,264
3495,2012/11/01,778
3496,2012/11/02,561
3497,2012/11/05,620
3498,2012/11/06,044
3499,2012/11/07,085
3500,2012/11/08,966
3501,2012/11/09,666
3502,2012/11/12,781
3503,2012/11/13,019
3504,2012/11/14,605
3505,2012/11/15,495
3506,2012/11/16,464
3507,2012/11/19,713
3508,2012/11/20,776
3509,2012/11/21,872
3510,2012/11/22,307
3511,2012/11/23,369
3512,2012/11/26,204
3513,2012/11/27,660
3514,2012/11/28,195
3515,2012/11/29,950
3516,2012/11/30,943
3517,2012/12/03,217
3518,2012/12/04,798
3519,2012/12/05,793
3520,2012/12/06,931
3521,2012/12/07,167
3522,2012/12/10,540
3523,2012/12/11,776
3524,2012/12/12,249
3525,2012/12/13,374
3526,2012/12/14,282
3527,2012/12/17,141
3528,2012/12/18,199
3529,2012/12/19,036
3530,2012/12/20,619
3531,2012/12/21,273
3532,2012/12/24,579
3533,2012/12/25,296
3534,2012/12/26,426
3535,2012/12/27,836
3536,2012/12/28,889
3537,2013/01/04,609
3538,2013/01/07,778
3539,2013/01/08,877
3540,2013/01/09,239
3541,2013/01/10,240
3542,2013/01/11,044
3543,2013/01/14,238
3544,2013/01/15,447
3545,2013/01/16,663
3546,2013/01/17,433
3547,2013/01/18,228
3548,2013/01/21,871
3549,2013/01/22,068
3550,2013/01/23,352
3551,2013/01/24,794
3552,2013/01/25,272
3553,2013/01/28,481
3554,2013/01/29,533
3555,2013/01/30,015
3556,2013/01/31,158
3557,2013/02/01,844
3558,2013/02/04,258
3559,2013/02/05,300
3560,2013/02/06,068
3561,2013/02/07,252
3562,2013/02/08,199
3563,2013/02/11,481
3564,2013/02/12,731
3565,2013/02/13,381
3566,2013/02/14,507
3567,2013/02/15,574
3568,2013/02/18,972
3569,2013/02/19,139
3570,2013/02/20,230
3571,2013/02/21,396
3572,2013/02/22,728
3573,2013/02/25,751
3574,2013/02/26,199
3575,2013/02/27,181
3576,2013/02/28,717
3577,2013/03/01,837
3578,2013/03/04,723
3579,2013/03/05,797
3580,2013/03/06,473
3581,2013/03/07,158
3582,2013/03/08,168
3583,2013/03/11,898
3584,2013/03/12,986
3585,2013/03/13,980
3586,2013/03/14,528
3587,2013/03/15,888
3588,2013/03/18,369
3589,2013/03/19,349
3590,2013/03/20,333
3591,2013/03/21,735
3592,2013/03/22,448
3593,2013/03/25,291
3594,2013/03/26,782
3595,2013/03/27,538
3596,2013/03/28,510
3597,2013/03/29,259
3598,2013/04/01,044
3599,2013/04/02,344
3600,2013/04/03,893
3601,2013/04/04,422
3602,2013/04/05,318
3603,2013/04/08,233
3604,2013/04/09,582
3605,2013/04/10,045
3606,2013/04/11,102
3607,2013/04/12,318
3608,2013/04/15,760
3609,2013/04/16,210
3610,2013/04/17,114
3611,2013/04/18,044
3612,2013/04/19,003
3613,2013/04/22,947
3614,2013/04/23,715
3615,2013/04/24,722
3616,2013/04/25,294
3617,2013/04/26,921
3618,2013/04/29,693
3619,2013/04/30,706
3620,2013/05/01,104
3621,2013/05/02,832
3622,2013/05/03,714
3623,2013/05/06,160
3624,2013/05/07,570
3625,2013/05/08,407
3626,2013/05/09,314
3627,2013/05/10,034
3628,2013/05/13,488
3629,2013/05/14,164
3630,2013/05/15,531
3631,2013/05/16,318
3632,2013/05/17,165
3633,2013/05/20,963
3634,2013/05/21,444
3635,2013/05/22,244
3636,2013/05/23,899
3637,2013/05/24,456
3638,2013/05/27,345
3639,2013/05/28,819
3640,2013/05/29,980
3641,2013/05/30,041
3642,2013/05/31,953
3643,2013/06/03,723
3644,2013/06/04,611
3645,2013/06/05,143
3646,2013/06/06,292
3647,2013/06/07,004
3648,2013/06/10,497
3649,2013/06/11,137
3650,2013/06/12,378
3651,2013/06/13,165
3652,2013/06/14,477
3653,2013/06/17,883
3654,2013/06/18,481
3655,2013/06/19,238
3656,2013/06/20,031
3657,2013/06/21,527
3658,2013/06/24,068
3659,2013/06/25,032
3660,2013/06/26,314
3661,2013/06/27,725
3662,2013/06/28,848
3663,2013/07/01,790
3664,2013/07/02,307
3665,2013/07/03,587
3666,2013/07/04,812
3667,2013/07/05,676
3668,2013/07/08,551
3669,2013/07/09,082
3670,2013/07/10,343
3671,2013/07/11,820
3672,2013/07/12,456
3673,2013/07/15,940
3674,2013/07/16,950
3675,2013/07/17,044
3676,2013/07/18,195
3677,2013/07/19,235
3678,2013/07/22,342
3679,2013/07/23,293
3680,2013/07/24,346
3681,2013/07/25,740
3682,2013/07/26,501
3683,2013/07/29,333
3684,2013/07/30,254
3685,2013/07/31,757
3686,2013/08/01,811
3687,2013/08/02,914
3688,2013/08/05,257
3689,2013/08/06,497
3690,2013/08/07,017
3691,2013/08/08,283
3692,2013/08/09,917
3693,2013/08/12,234
3694,2013/08/13,078
3695,2013/08/14,155
3696,2013/08/15,801
3697,2013/08/16,900
3698,2013/08/19,155
3699,2013/08/20,317
3700,2013/08/21,710
3701,2013/08/22,850
3702,2013/08/23,294
3703,2013/08/26,893
3704,2013/08/27,682
3705,2013/08/28,793
3706,2013/08/29,351
3707,2013/08/30,311
3708,2013/09/02,501
3709,2013/09/03,204
3710,2013/09/04,975
3711,2013/09/05,536
3712,2013/09/06,791
3713,2013/09/09,547
3714,2013/09/10,300
3715,2013/09/11,192
3716,2013/09/12,537
3717,2013/09/13,511
3718,2013/09/16,137
3719,2013/09/17,760
3720,2013/09/18,595
3721,2013/09/19,789
3722,2013/09/20,039
3723,2013/09/23,389
3724,2013/09/24,613
3725,2013/09/25,825
3726,2013/09/26,236
3727,2013/09/27,895
3728,2013/09/30,817
3729,2013/10/01,113
3730,2013/10/02,021
3731,2013/10/03,996
3732,2013/10/04,865
3733,2013/10/07,694
3734,2013/10/08,708
3735,2013/10/09,451
3736,2013/10/10,110
3737,2013/10/11,484
3738,2013/10/14,572
3739,2013/10/15,355
3740,2013/10/16,249
3741,2013/10/17,896
3742,2013/10/18,139
3743,2013/10/21,077
3744,2013/10/22,503
3745,2013/10/23,907
3746,2013/10/24,306
3747,2013/10/25,693
3748,2013/10/28,454
3749,2013/10/29,140
3750,2013/10/30,348
3751,2013/10/31,052
3752,2013/11/01,535
3753,2013/11/04,952
3754,2013/11/05,650
3755,2013/11/06,524
3756,2013/11/07,694
3757,2013/11/08,380
3758,2013/11/11,885
3759,2013/11/12,470
3760,2013/11/13,910
3761,2013/11/14,014
3762,2013/11/15,638
3763,2013/11/18,439
3764,2013/11/19,484
3765,2013/11/20,721
3766,2013/11/21,922
3767,2013/11/22,983
3768,2013/11/25,081
3769,2013/11/26,975
3770,2013/11/27,724
3771,2013/11/28,244
3772,2013/11/29,842
3773,2013/12/02,421
3774,2013/12/03,752
3775,2013/12/04,928
3776,2013/12/05,674
3777,2013/12/06,443
3778,2013/12/09,542
3779,2013/12/10,023
3780,2013/12/11,622
3781,2013/12/12,372
3782,2013/12/13,186
3783,2013/12/16,515
3784,2013/12/17,576
3785,2013/12/18,107
3786,2013/12/19,540
3787,2013/12/20,879
3788,2013/12/23,997
3789,2013/12/24,456
3790,2013/12/25,271
3791,2013/12/26,672
3792,2013/12/27,127
3793,2013/12/30,549
3794,2014/01/06,098
3795,2014/01/07,578
3796,2014/01/08,721
3797,2014/01/09,613
3798,2014/01/10,005
3799,2014/01/13,136
3800,2014/01/14,560
3801,2014/01/15,506
3802,2014/01/16,641
3803,2014/01/17,720
3804,2014/01/20,921
3805,2014/01/21,119
3806,2014/01/22,154
3807,2014/01/23,314
3808,2014/01/24,311
3809,2014/01/27,138
3810,2014/01/28,369
3811,2014/01/29,070
3812,2014/01/30,327
3813,2014/01/31,729
3814,2014/02/03,044
3815,2014/02/04,861
3816,2014/02/05,200
3817,2014/02/06,095
3818,2014/02/07,264
3819,2014/02/10,423
3820,2014/02/11,343
3821,2014/02/12,951
3822,2014/02/13,805
3823,2014/02/14,709
3824,2014/02/17,271
3825,2014/02/18,687
3826,2014/02/19,722
3827,2014/02/20,099
3828,2014/02/21,172
3829,2014/02/24,287
3830,2014/02/25,061
3831,2014/02/26,272
3832,2014/02/27,171
3833,2014/02/28,101
3834,2014/03/03,992
3835,2014/03/04,834
3836,2014/03/05,624
3837,2014/03/06,087
3838,2014/03/07,169
3839,2014/03/10,975
3840,2014/03/11,661
3841,2014/03/12,558
3842,2014/03/13,619
3843,2014/03/14,784
3844,2014/03/17,198
3845,2014/03/18,729
3846,2014/03/19,045
3847,2014/03/20,608
3848,2014/03/21,787
3849,2014/03/24,263
3850,2014/03/25,636
3851,2014/03/26,710
3852,2014/03/27,841
3853,2014/03/28,643
3854,2014/03/31,098
3855,2014/04/01,108
3856,2014/04/02,606
3857,2014/04/03,858
3858,2014/04/04,740
3859,2014/04/07,942
3860,2014/04/08,701
3861,2014/04/09,295
3862,2014/04/10,808
3863,2014/04/11,135
3864,2014/04/14,123
3865,2014/04/15,160
3866,2014/04/16,637
3867,2014/04/17,493
3868,2014/04/18,725
3869,2014/04/21,017
3870,2014/04/22,290
3871,2014/04/23,951
3872,2014/04/24,809
3873,2014/04/25,589
3874,2014/04/28,442
3875,2014/04/29,199
3876,2014/04/30,495
3877,2014/05/01,808
3878,2014/05/02,336
3879,2014/05/05,994
3880,2014/05/06,806
3881,2014/05/07,297
3882,2014/05/08,353
3883,2014/05/09,154
3884,2014/05/12,367
3885,2014/05/13,934
3886,2014/05/14,463
3887,2014/05/15,153
3888,2014/05/16,065
3889,2014/05/19,836
3890,2014/05/20,281
3891,2014/05/21,746
3892,2014/05/22,433
3893,2014/05/23,034
3894,2014/05/26,086
3895,2014/05/27,845
3896,2014/05/28,474
3897,2014/05/29,761
3898,2014/05/30,839
3899,2014/06/02,468
3900,2014/06/03,327
3901,2014/06/04,769
3902,2014/06/05,790
3903,2014/06/06,928
3904,2014/06/09,620
3905,2014/06/10,431
3906,2014/06/11,334
3907,2014/06/12,429
3908,2014/06/13,690
3909,2014/06/16,797
3910,2014/06/17,226
3911,2014/06/18,084
3912,2014/06/19,568
3913,2014/06/20,644
3914,2014/06/23,338
3915,2014/06/24,955
3916,2014/06/25,732
3917,2014/06/26,101
3918,2014/06/27,785
3919,2014/06/30,092
3920,2014/07/01,571
3921,2014/07/02,953
3922,2014/07/03,307
3923,2014/07/04,583
3924,2014/07/07,076
3925,2014/07/08,856
3926,2014/07/09,389
3927,2014/07/10,647
3928,2014/07/11,398
3929,2014/07/14,061
3930,2014/07/15,495
3931,2014/07/16,239
3932,2014/07/17,621
3933,2014/07/18,790
3934,2014/07/21,954
3935,2014/07/22,197
3936,2014/07/23,059
3937,2014/07/24,070
3938,2014/07/25,498
3939,2014/07/28,190
3940,2014/07/29,234
3941,2014/07/30,392
3942,2014/07/31,649
3943,2014/08/01,940
3944,2014/08/04,764
3945,2014/08/05,955
3946,2014/08/06,933
3947,2014/08/07,857
3948,2014/08/08,031
3949,2014/08/11,793
3950,2014/08/12,448
3951,2014/08/13,528
3952,2014/08/14,371
3953,2014/08/15,122
3954,2014/08/18,425
3955,2014/08/19,701
3956,2014/08/20,852
3957,2014/08/21,059
3958,2014/08/22,685
3959,2014/08/25,105
3960,2014/08/26,958
3961,2014/08/27,314
3962,2014/08/28,376
3963,2014/08/29,653
3964,2014/09/01,151
3965,2014/09/02,721
3966,2014/09/03,058
3967,2014/09/04,586
3968,2014/09/05,621
3969,2014/09/08,802
3970,2014/09/09,983
3971,2014/09/10,816
3972,2014/09/11,644
3973,2014/09/12,249
3974,2014/09/15,509
3975,2014/09/16,289
3976,2014/09/17,927
3977,2014/09/18,498
3978,2014/09/19,181
3979,2014/09/22,174
3980,2014/09/23,468
3981,2014/09/24,697
3982,2014/09/25,113
3983,2014/09/26,517
3984,2014/09/29,786
3985,2014/09/30,066
3986,2014/10/01,354
3987,2014/10/02,045
3988,2014/10/03,745
3989,2014/10/06,065
3990,2014/10/07,890
3991,2014/10/08,148
3992,2014/10/09,178
3993,2014/10/10,782
3994,2014/10/13,509
3995,2014/10/14,369
3996,2014/10/15,893
3997,2014/10/16,963
3998,2014/10/17,908
3999,2014/10/20,717
4000,2014/10/21,404
4001,2014/10/22,373
4002,2014/10/23,336
4003,2014/10/24,799
4004,2014/10/27,444
4005,2014/10/28,260
4006,2014/10/29,009
4007,2014/10/30,274
4008,2014/10/31,885
4009,2014/11/03,040
4010,2014/11/04,832
4011,2014/11/05,861
4012,2014/11/06,551
4013,2014/11/07,866
4014,2014/11/10,611
4015,2014/11/11,181
4016,2014/11/12,112
4017,2014/11/13,277
4018,2014/11/14,194
4019,2014/11/17,335
4020,2014/11/18,618
4021,2014/11/19,095
4022,2014/11/20,536
4023,2014/11/21,426
4024,2014/11/24,000
4025,2014/11/25,303
4026,2014/11/26,372
4027,2014/11/27,384
4028,2014/11/28,990
4029,2014/12/01,913
4030,2014/12/02,725
4031,2014/12/03,076
4032,2014/12/04,916
4033,2014/12/05,384
4034,2014/12/08,900
4035,2014/12/09,312
4036,2014/12/10,501
4037,2014/12/11,840
4038,2014/12/12,410
4039,2014/12/15,511
4040,2014/12/16,889
4041,2014/12/17,235
4042,2014/12/18,983
4043,2014/12/19,929
4044,2014/12/22,853
4045,2014/12/23,330
4046,2014/12/24,516
4047,2014/12/25,728
4048,2014/12/26,167
4049,2014/12/29,537
4050,2014/12/30,642
4051,2015/01/05,025
4052,2015/01/06,202
4053,2015/01/07,826
4054,2015/01/08,211
4055,2015/01/09,031
4056,2015/01/12,763
4057,2015/01/13,836
4058,2015/01/14,271
4059,2015/01/15,765
4060,2015/01/16,048
4061,2015/01/19,222
4062,2015/01/20,597
4063,2015/01/21,772
4064,2015/01/22,849
4065,2015/01/23,432
4066,2015/01/26,996
4067,2015/01/27,722
4068,2015/01/28,740
4069,2015/01/29,809
4070,2015/01/30,355
4071,2015/02/02,192
4072,2015/02/03,250
4073,2015/02/04,365
4074,2015/02/05,690
4075,2015/02/06,201
4076,2015/02/09,377
4077,2015/02/10,583
4078,2015/02/11,266
4079,2015/02/12,349
4080,2015/02/13,539
4081,2015/02/16,202
4082,2015/02/17,845
4083,2015/02/18,682
4084,2015/02/19,521
4085,2015/02/20,829
4086,2015/02/23,618
4087,2015/02/24,904
4088,2015/02/25,824
4089,2015/02/26,574
4090,2015/02/27,311
4091,2015/03/02,161
4092,2015/03/03,462
4093,2015/03/04,227
4094,2015/03/05,751
4095,2015/03/06,526
4096,2015/03/09,862
4097,2015/03/10,100
4098,2015/03/11,623
4099,2015/03/12,553
4100,2015/03/13,302
4101,2015/03/16,813
4102,2015/03/17,607
4103,2015/03/18,944
4104,2015/03/19,339
4105,2015/03/20,663
4106,2015/03/23,011
4107,2015/03/24,245
4108,2015/03/25,427
4109,2015/03/26,908
4110,2015/03/27,928
4111,2015/03/30,187
4112,2015/03/31,007
4113,2015/04/01,336
4114,2015/04/02,677
4115,2015/04/03,845
4116,2015/04/06,159
4117,2015/04/07,589
4118,2015/04/08,521
4119,2015/04/09,988
4120,2015/04/10,658
4121,2015/04/13,507
4122,2015/04/14,986
4123,2015/04/15,675
4124,2015/04/16,009
4125,2015/04/17,348
4126,2015/04/20,164
4127,2015/04/21,222
4128,2015/04/22,220
4129,2015/04/23,081
4130,2015/04/24,153
4131,2015/04/27,190
4132,2015/04/28,450
4133,2015/04/29,899
4134,2015/04/30,242
4135,2015/05/01,897
4136,2015/05/04,636
4137,2015/05/05,856
4138,2015/05/06,906
4139,2015/05/07,905
4140,2015/05/08,440
4141,2015/05/11,356
4142,2015/05/12,800
4143,2015/05/13,595
4144,2015/05/14,361
4145,2015/05/15,735
4146,2015/05/18,991
4147,2015/05/19,433
4148,2015/05/20,576
4149,2015/05/21,934
4150,2015/05/22,977
4151,2015/05/25,362
4152,2015/05/26,166
4153,2015/05/27,309
4154,2015/05/28,384
4155,2015/05/29,778
4156,2015/06/01,465
4157,2015/06/02,641
4158,2015/06/03,537
4159,2015/06/04,858
4160,2015/06/05,191
4161,2015/06/08,081
4162,2015/06/09,240
4163,2015/06/10,455
4164,2015/06/11,402
4165,2015/06/12,549
4166,2015/06/15,690
4167,2015/06/16,589
4168,2015/06/17,451
4169,2015/06/18,313
4170,2015/06/19,258
4171,2015/06/22,880
4172,2015/06/23,454
4173,2015/06/24,691
4174,2015/06/25,885
4175,2015/06/26,086
4176,2015/06/29,319
4177,2015/06/30,686
4178,2015/07/01,470
4179,2015/07/02,516
4180,2015/07/03,447
4181,2015/07/06,174
4182,2015/07/07,097
4183,2015/07/08,583
4184,2015/07/09,590
4185,2015/07/10,818
4186,2015/07/13,721
4187,2015/07/14,279
4188,2015/07/15,023
4189,2015/07/16,334
4190,2015/07/17,598
4191,2015/07/20,844
4192,2015/07/21,895
4193,2015/07/22,013
4194,2015/07/23,300
4195,2015/07/24,468
4196,2015/07/27,287
4197,2015/07/28,080
4198,2015/07/29,461
4199,2015/07/30,409
4200,2015/07/31,004
4201,2015/08/03,336
4202,2015/08/04,907
4203,2015/08/05,275
4204,2015/08/06,426
4205,2015/08/07,802
4206,2015/08/10,567
4207,2015/08/11,419
4208,2015/08/12,119
4209,2015/08/13,809
4210,2015/08/14,859
4211,2015/08/17,507
4212,2015/08/18,978
4213,2015/08/19,580
4214,2015/08/20,214
4215,2015/08/21,372
4216,2015/08/24,315
4217,2015/08/25,282
4218,2015/08/26,920
4219,2015/08/27,778
4220,2015/08/28,169
4221,2015/08/31,763
4222,2015/09/01,104
4223,2015/09/02,787
4224,2015/09/03,890
4225,2015/09/04,489
4226,2015/09/07,678
4227,2015/09/08,423
4228,2015/09/09,896
4229,2015/09/10,468
4230,2015/09/11,549
4231,2015/09/14,820
4232,2015/09/15,759
4233,2015/09/16,117
4234,2015/09/17,306
4235,2015/09/18,302
4236,2015/09/21,243
4237,2015/09/22,264
4238,2015/09/23,144
4239,2015/09/24,924
4240,2015/09/25,792
4241,2015/09/28,191
4242,2015/09/29,166
4243,2015/09/30,945
4244,2015/10/01,203
4245,2015/10/02,468
4246,2015/10/05,173
4247,2015/10/06,524
4248,2015/10/07,425
4249,2015/10/08,321
4250,2015/10/09,658
4251,2015/10/12,185
4252,2015/10/13,418
4253,2015/10/14,119
4254,2015/10/15,288
4255,2015/10/16,503
4256,2015/10/19,363
4257,2015/10/20,504
4258,2015/10/21,458
4259,2015/10/22,396
4260,2015/10/23,686
4261,2015/10/26,370
4262,2015/10/27,906
4263,2015/10/28,049
4264,2015/10/29,118
4265,2015/10/30,394
4266,2015/11/02,675
4267,2015/11/03,230
4268,2015/11/04,675
4269,2015/11/05,715
4270,2015/11/06,220
4271,2015/11/09,708
4272,2015/11/10,945
4273,2015/11/11,493
4274,2015/11/12,711
4275,2015/11/13,050
4276,2015/11/16,305
4277,2015/11/17,757
4278,2015/11/18,414
4279,2015/11/19,161
4280,2015/11/20,851
4281,2015/11/23,359
4282,2015/11/24,691
4283,2015/11/25,748
4284,2015/11/26,895
4285,2015/11/27,372
4286,2015/11/30,547
4287,2015/12/01,784
4288,2015/12/02,999
4289,2015/12/03,422
4290,2015/12/04,192
4291,2015/12/07,429
4292,2015/12/08,368
4293,2015/12/09,687
4294,2015/12/10,336
4295,2015/12/11,332
4296,2015/12/14,671
4297,2015/12/15,484
4298,2015/12/16,166
4299,2015/12/17,308
4300,2015/12/18,966
4301,2015/12/21,530
4302,2015/12/22,454
4303,2015/12/23,447
4304,2015/12/24,187
4305,2015/12/25,166
4306,2015/12/28,549
4307,2015/12/29,710
4308,2015/12/30,350
4309,2016/01/04,748
4310,2016/01/05,988
4311,2016/01/06,274
4312,2016/01/07,603
4313,2016/01/08,797
4314,2016/01/11,787
4315,2016/01/12,946
4316,2016/01/13,081
4317,2016/01/14,727
4318,2016/01/15,992
4319,2016/01/18,283
4320,2016/01/19,392
4321,2016/01/20,814
4322,2016/01/21,725
4323,2016/01/22,751
4324,2016/01/25,211
4325,2016/01/26,564
4326,2016/01/27,504
4327,2016/01/28,234
4328,2016/01/29,694
4329,2016/02/01,366
4330,2016/02/02,602
4331,2016/02/03,712
4332,2016/02/04,182
4333,2016/02/05,418
4334,2016/02/08,305
4335,2016/02/09,344
4336,2016/02/10,307
4337,2016/02/11,136
4338,2016/02/12,147
4339,2016/02/15,886
4340,2016/02/16,721
4341,2016/02/17,092
4342,2016/02/18,934
4343,2016/02/19,055
4344,2016/02/22,456
4345,2016/02/23,908
4346,2016/02/24,837
4347,2016/02/25,878
4348,2016/02/26,250
4349,2016/02/29,311
4350,2016/03/01,099
4351,2016/03/02,927
4352,2016/03/03,002
4353,2016/03/04,201
4354,2016/03/07,405
4355,2016/03/08,500
4356,2016/03/09,334
4357,2016/03/10,244
4358,2016/03/11,200
4359,2016/03/14,426
4360,2016/03/15,986
4361,2016/03/16,937
4362,2016/03/17,146
4363,2016/03/18,213
4364,2016/03/21,257
4365,2016/03/22,187
4366,2016/03/23,355
4367,2016/03/24,207
4368,2016/03/25,913
4369,2016/03/28,457
4370,2016/03/29,446
4371,2016/03/30,622
4372,2016/03/31,654
4373,2016/04/01,375
4374,2016/04/04,304
4375,2016/04/05,602
4376,2016/04/06,878
4377,2016/04/07,065
4378,2016/04/08,863
4379,2016/04/11,900
4380,2016/04/12,813
4381,2016/04/13,763
4382,2016/04/14,661
4383,2016/04/15,836
4384,2016/04/18,180
4385,2016/04/19,230
4386,2016/04/20,660
4387,2016/04/21,603
4388,2016/04/22,099
4389,2016/04/25,188
4390,2016/04/26,263
4391,2016/04/27,962
4392,2016/04/28,183
4393,2016/04/29,183
4394,2016/05/02,701
4395,2016/05/03,732
4396,2016/05/04,942
4397,2016/05/05,987
4398,2016/05/06,528
4399,2016/05/09,468
4400,2016/05/10,933
4401,2016/05/11,511
4402,2016/05/12,497
4403,2016/05/13,339
4404,2016/05/16,975
4405,2016/05/17,750
4406,2016/05/18,590
4407,2016/05/19,237
4408,2016/05/20,402
4409,2016/05/23,985
4410,2016/05/24,664
4411,2016/05/25,070
4412,2016/05/26,642
4413,2016/05/27,271
4414,2016/05/30,921
4415,2016/05/31,397
4416,2016/06/01,658
4417,2016/06/02,256
4418,2016/06/03,093
4419,2016/06/06,617
4420,2016/06/07,034
4421,2016/06/08,262
4422,2016/06/09,355
4423,2016/06/10,809
4424,2016/06/13,244
4425,2016/06/14,543
4426,2016/06/15,742
4427,2016/06/16,370
4428,2016/06/17,063
4429,2016/06/20,724
4430,2016/06/21,615
4431,2016/06/22,125
4432,2016/06/23,693
4433,2016/06/24,088
4434,2016/06/27,440
4435,2016/06/28,546
4436,2016/06/29,748
4437,2016/06/30,602
4438,2016/07/01,958
4439,2016/07/04,728
4440,2016/07/05,514
4441,2016/07/06,510
4442,2016/07/07,003
4443,2016/07/08,443
4444,2016/07/11,826
4445,2016/07/12,716
4446,2016/07/13,291
4447,2016/07/14,001
4448,2016/07/15,292
4449,2016/07/18,914
4450,2016/07/19,804
4451,2016/07/20,451
4452,2016/07/21,095
4453,2016/07/22,141
4454,2016/07/25,097
4455,2016/07/26,356
4456,2016/07/27,052
4457,2016/07/28,047
4458,2016/07/29,532
4459,2016/08/01,806
4460,2016/08/02,206
4461,2016/08/03,308
4462,2016/08/04,867
4463,2016/08/05,623
4464,2016/08/08,682
4465,2016/08/09,058
4466,2016/08/10,472
4467,2016/08/11,067
4468,2016/08/12,377
4469,2016/08/15,367
4470,2016/08/16,773
4471,2016/08/17,001
4472,2016/08/18,142
4473,2016/08/19,768
4474,2016/08/22,621
4475,2016/08/23,695
4476,2016/08/24,431
4477,2016/08/25,111
4478,2016/08/26,100
4479,2016/08/29,595
4480,2016/08/30,988
4481,2016/08/31,103
4482,2016/09/01,054
4483,2016/09/02,284
4484,2016/09/05,337
4485,2016/09/06,509
4486,2016/09/07,701
4487,2016/09/08,346
4488,2016/09/09,879
4489,2016/09/12,450
4490,2016/09/13,437
4491,2016/09/14,927
4492,2016/09/15,053
4493,2016/09/16,804
4494,2016/09/19,470
4495,2016/09/20,401
4496,2016/09/21,211
4497,2016/09/22,373
4498,2016/09/23,947
4499,2016/09/26,545
4500,2016/09/27,237
4501,2016/09/28,139
4502,2016/09/29,161
4503,2016/09/30,719
4504,2016/10/03,636
4505,2016/10/04,167
4506,2016/10/05,861
4507,2016/10/06,787
4508,2016/10/07,316
4509,2016/10/10,657
4510,2016/10/11,480
4511,2016/10/12,829
4512,2016/10/13,662
4513,2016/10/14,271
4514,2016/10/17,946
4515,2016/10/18,410
4516,2016/10/19,774
4517,2016/10/20,693
4518,2016/10/21,471
4519,2016/10/24,217
4520,2016/10/25,111
4521,2016/10/26,090
4522,2016/10/27,640
4523,2016/10/28,568
4524,2016/10/31,485
4525,2016/11/01,643
4526,2016/11/02,215
4527,2016/11/03,306
4528,2016/11/04,971
4529,2016/11/07,721
4530,2016/11/08,994
4531,2016/11/09,687
4532,2016/11/10,526
4533,2016/11/11,623
4534,2016/11/14,244
4535,2016/11/15,697
4536,2016/11/16,396
4537,2016/11/17,899
4538,2016/11/18,281
4539,2016/11/21,722
4540,2016/11/22,325
4541,2016/11/23,850
4542,2016/11/24,839
4543,2016/11/25,609
4544,2016/11/28,090
4545,2016/11/29,217
4546,2016/11/30,628
4547,2016/12/01,939
4548,2016/12/02,336
4549,2016/12/05,043
4550,2016/12/06,699
4551,2016/12/07,367
4552,2016/12/08,087
4553,2016/12/09,721
4554,2016/12/12,687
4555,2016/12/13,231
4556,2016/12/14,915
4557,2016/12/15,679
4558,2016/12/16,073
4559,2016/12/19,137
4560,2016/12/20,513
4561,2016/12/21,651
4562,2016/12/22,291
4563,2016/12/23,153
4564,2016/12/26,934
4565,2016/12/27,837
4566,2016/12/28,007
4567,2016/12/29,415
4568,2016/12/30,767
4569,2017/01/04,450
4570,2017/01/05,387
4571,2017/01/06,714
4572,2017/01/09,076
4573,2017/01/10,339
4574,2017/01/11,694
4575,2017/01/12,575
4576,2017/01/13,211
4577,2017/01/16,085
4578,2017/01/17,649
4579,2017/01/18,745
4580,2017/01/19,697
4581,2017/01/20,859
4582,2017/01/23,857
4583,2017/01/24,387
4584,2017/01/25,644
4585,2017/01/26,852
4586,2017/01/27,132
4587,2017/01/30,440
4588,2017/01/31,837
4589,2017/02/01,906
4590,2017/02/02,292
4591,2017/02/03,132
4592,2017/02/06,762
4593,2017/02/07,862
4594,2017/02/08,828
4595,2017/02/09,070
4596,2017/02/10,261
4597,2017/02/13,425
4598,2017/02/14,027
4599,2017/02/15,089
4600,2017/02/16,464
4601,2017/02/17,015
4602,2017/02/20,890
4603,2017/02/21,866
4604,2017/02/22,893
4605,2017/02/23,840
4606,2017/02/24,631
4607,2017/02/27,147
4608,2017/02/28,788
4609,2017/03/01,157
4610,2017/03/02,449
4611,2017/03/03,111
4612,2017/03/06,226
4613,2017/03/07,868
4614,2017/03/08,959
4615,2017/03/09,960
4616,2017/03/10,689
4617,2017/03/13,785
4618,2017/03/14,101
4619,2017/03/15,789
4620,2017/03/16,101
4621,2017/03/17,692
4622,2017/03/20,164
4623,2017/03/21,064
4624,2017/03/22,712
4625,2017/03/23,405
4626,2017/03/24,719
4627,2017/03/27,546
4628,2017/03/28,619
4629,2017/03/29,053
4630,2017/03/30,638
4631,2017/03/31,226
4632,2017/04/03,066
4633,2017/04/04,642
4634,2017/04/05,374
4635,2017/04/06,984
4636,2017/04/07,132
4637,2017/04/10,473
4638,2017/04/11,081
4639,2017/04/12,353
4640,2017/04/13,067
4641,2017/04/14,535
4642,2017/04/17,439
4643,2017/04/18,833
4644,2017/04/19,091
4645,2017/04/20,771
4646,2017/04/21,254
4647,2017/04/24,364
4648,2017/04/25,849
4649,2017/04/26,796
4650,2017/04/27,799
4651,2017/04/28,508
4652,2017/05/01,525
4653,2017/05/02,939
4654,2017/05/03,479
4655,2017/05/04,904
4656,2017/05/05,433
4657,2017/05/08,459
4658,2017/05/09,768
4659,2017/05/10,161
4660,2017/05/11,895
4661,2017/05/12,922
4662,2017/05/15,682
4663,2017/05/16,017
4664,2017/05/17,597
4665,2017/05/18,423
4666,2017/05/19,909
4667,2017/05/22,052
4668,2017/05/23,509
4669,2017/05/24,307
4670,2017/05/25,039
4671,2017/05/26,041
4672,2017/05/29,990
4673,2017/05/30,537
4674,2017/05/31,471
4675,2017/06/01,570
4676,2017/06/02,622
4677,2017/06/05,873
4678,2017/06/06,289
4679,2017/06/07,870
4680,2017/06/08,037
4681,2017/06/09,908
4682,2017/06/12,172
4683,2017/06/13,577
4684,2017/06/14,428
4685,2017/06/15,501
4686,2017/06/16,540
4687,2017/06/19,874
4688,2017/06/20,671
4689,2017/06/21,311
4690,2017/06/22,375
4691,2017/06/23,811
4692,2017/06/26,242
4693,2017/06/27,171
4694,2017/06/28,796
4695,2017/06/29,208
4696,2017/06/30,161
4697,2017/07/03,871
4698,2017/07/04,713
4699,2017/07/05,749
4700,2017/07/06,817
4701,2017/07/07,346
4702,2017/07/10,844
4703,2017/07/11,010
4704,2017/07/12,904
4705,2017/07/13,159
4706,2017/07/14,458
4707,2017/07/17,401
4708,2017/07/18,880
4709,2017/07/19,332
4710,2017/07/20,008
4711,2017/07/21,109
4712,2017/07/24,381
4713,2017/07/25,661
4714,2017/07/26,898
4715,2017/07/27,593
4716,2017/07/28,679
4717,2017/07/31,718
4718,2017/08/01,463
4719,2017/08/02,722
4720,2017/08/03,661
4721,2017/08/04,082
4722,2017/08/07,207
4723,2017/08/08,594
4724,2017/08/09,097
4725,2017/08/10,229
4726,2017/08/11,347
4727,2017/08/14,693
4728,2017/08/15,201
4729,2017/08/16,508
4730,2017/08/17,711
4731,2017/08/18,105
4732,2017/08/21,933
4733,2017/08/22,015
4734,2017/08/23,409
4735,2017/08/24,432
4736,2017/08/25,253
4737,2017/08/28,185
4738,2017/08/29,153
4739,2017/08/30,862
4740,2017/08/31,007
4741,2017/09/01,906
4742,2017/09/04,630
4743,2017/09/05,058
4744,2017/09/06,301
4745,2017/09/07,297
4746,2017/09/08,707
4747,2017/09/11,199
4748,2017/09/12,147
4749,2017/09/13,302
4750,2017/09/14,648
4751,2017/09/15,132
4752,2017/09/18,372
4753,2017/09/19,005
4754,2017/09/20,684
4755,2017/09/21,276
4756,2017/09/22,222
4757,2017/09/25,313
4758,2017/09/26,214
4759,2017/09/27,228
4760,2017/09/28,347
4761,2017/09/29,573
4762,2017/10/02,321
4763,2017/10/03,679
4764,2017/10/04,925
4765,2017/10/05,870
4766,2017/10/06,656
4767,2017/10/09,187
4768,2017/10/10,925
4769,2017/10/11,085
4770,2017/10/12,933
4771,2017/10/13,394
4772,2017/10/16,236
4773,2017/10/17,219
4774,2017/10/18,021
4775,2017/10/19,227
4776,2017/10/20,420
4777,2017/10/23,071
4778,2017/10/24,252
4779,2017/10/25,921
4780,2017/10/26,072
4781,2017/10/27,830
4782,2017/10/30,205
4783,2017/10/31,023
4784,2017/11/01,046
4785,2017/11/02,501
4786,2017/11/03,221
4787,2017/11/06,996
4788,2017/11/07,496
4789,2017/11/08,714
4790,2017/11/09,836
4791,2017/11/10,621
4792,2017/11/13,732
4793,2017/11/14,523
4794,2017/11/15,385
4795,2017/11/16,754
4796,2017/11/17,434
4797,2017/11/20,891
4798,2017/11/21,176
4799,2017/11/22,609
4800,2017/11/23,794
4801,2017/11/24,177
4802,2017/11/27,173
4803,2017/11/28,261
4804,2017/11/29,782
4805,2017/11/30,820
4806,2017/12/01,242
4807,2017/12/04,945
4808,2017/12/05,233
4809,2017/12/06,218
4810,2017/12/07,618
4811,2017/12/08,937
4812,2017/12/11,278
4813,2017/12/12,276
4814,2017/12/13,043
4815,2017/12/14,078
4816,2017/12/15,542
4817,2017/12/18,325
4818,2017/12/19,162
4819,2017/12/20,351
4820,2017/12/21,663
4821,2017/12/22,288
4822,2017/12/25,720
4823,2017/12/26,809
4824,2017/12/27,372
4825,2017/12/28,591
4826,2017/12/29,842
4827,2018/01/04,858
4828,2018/01/05,384
4829,2018/01/08,976
4830,2018/01/09,930
4831,2018/01/10,634
4832,2018/01/11,223
4833,2018/01/12,413
4834,2018/01/15,881
4835,2018/01/16,368
4836,2018/01/17,873
4837,2018/01/18,916
4838,2018/01/19,955
4839,2018/01/22,122
4840,2018/01/23,327
4841,2018/01/24,092
4842,2018/01/25,282
4843,2018/01/26,956
4844,2018/01/29,415
4845,2018/01/30,432
4846,2018/01/31,437
4847,2018/02/01,546
4848,2018/02/02,291
4849,2018/02/05,461
4850,2018/02/06,139
4851,2018/02/07,138
4852,2018/02/08,448
4853,2018/02/09,936
4854,2018/02/12,221
4855,2018/02/13,876
4856,2018/02/14,347
4857,2018/02/15,631
4858,2018/02/16,725
4859,2018/02/19,949
4860,2018/02/20,271
4861,2018/02/21,545
4862,2018/02/22,320
4863,2018/02/23,060
4864,2018/02/26,060
4865,2018/02/27,350
4866,2018/02/28,839
4867,2018/03/01,382
4868,2018/03/02,776
4869,2018/03/05,411
4870,2018/03/06,586
4871,2018/03/07,045
4872,2018/03/08,123
4873,2018/03/09,720
4874,2018/03/12,497
4875,2018/03/13,243
4876,2018/03/14,363
4877,2018/03/15,236
4878,2018/03/16,399
4879,2018/03/19,217
4880,2018/03/20,118
4881,2018/03/21,486
4882,2018/03/22,029
4883,2018/03/23,900
4884,2018/03/26,484
4885,2018/03/27,905
4886,2018/03/28,800
4887,2018/03/29,339
4888,2018/03/30,950
4889,2018/04/02,684
4890,2018/04/03,507
4891,2018/04/04,750
4892,2018/04/05,352
4893,2018/04/06,516
4894,2018/04/09,760
4895,2018/04/10,016
4896,2018/04/11,759
4897,2018/04/12,196
4898,2018/04/13,775
4899,2018/04/16,118
4900,2018/04/17,993
4901,2018/04/18,984
4902,2018/04/19,159
4903,2018/04/20,955
4904,2018/04/23,716
4905,2018/04/24,936
4906,2018/04/25,081
4907,2018/04/26,355
4908,2018/04/27,714
4909,2018/04/30,002
4910,2018/05/01,440
4911,2018/05/02,372
4912,2018/05/03,589
4913,2018/05/04,119
4914,2018/05/07,299
4915,2018/05/08,909
4916,2018/05/09,037
4917,2018/05/10,402
4918,2018/05/11,030
4919,2018/05/14,604
4920,2018/05/15,497
4921,2018/05/16,909
4922,2018/05/17,851
4923,2018/05/18,934
4924,2018/05/21,109
4925,2018/05/22,531
4926,2018/05/23,393
4927,2018/05/24,496
4928,2018/05/25,535
4929,2018/05/28,513
4930,2018/05/29,797
4931,2018/05/30,648
4932,2018/05/31,319
4933,2018/06/01,669
4934,2018/06/04,173
4935,2018/06/05,269
4936,2018/06/06,557
4937,2018/06/07,653
4938,2018/06/08,137
4939,2018/06/11,413
4940,2018/06/12,193
4941,2018/06/13,642
4942,2018/06/14,487
4943,2018/06/15,765
4944,2018/06/18,119
4945,2018/06/19,182
4946,2018/06/20,912
4947,2018/06/21,018
4948,2018/06/22,001
4949,2018/06/25,549
4950,2018/06/26,256
4951,2018/06/27,032
4952,2018/06/28,751
4953,2018/06/29,349
4954,2018/07/02,193
4955,2018/07/03,489
4956,2018/07/04,901
4957,2018/07/05,668
4958,2018/07/06,870
4959,2018/07/09,061
4960,2018/07/10,625
4961,2018/07/11,223
4962,2018/07/12,205
4963,2018/07/13,989
4964,2018/07/16,176
4965,2018/07/17,877
4966,2018/07/18,580
4967,2018/07/19,051
4968,2018/07/20,115
4969,2018/07/23,330
4970,2018/07/24,977
4971,2018/07/25,778
4972,2018/07/26,220
4973,2018/07/27,241
4974,2018/07/30,096
4975,2018/07/31,430
4976,2018/08/01,918
4977,2018/08/02,644
4978,2018/08/03,646
4979,2018/08/06,047
4980,2018/08/07,260
4981,2018/08/08,529
4982,2018/08/09,879
4983,2018/08/10,890
4984,2018/08/13,069
4985,2018/08/14,322
4986,2018/08/15,505
4987,2018/08/16,480
4988,2018/08/17,131
4989,2018/08/20,203
4990,2018/08/21,078
4991,2018/08/22,308
4992,2018/08/23,371
4993,2018/08/24,075
4994,2018/08/27,300
4995,2018/08/28,650
4996,2018/08/29,731
4997,2018/08/30,943
4998,2018/08/31,271
4999,2018/09/03,045
5000,2018/09/04,317
5001,2018/09/05,488
5002,2018/09/06,480
5003,2018/09/07,571
5004,2018/09/10,635
5005,2018/09/11,283
5006,2018/09/12,739
5007,2018/09/13,704
5008,2018/09/14,589
5009,2018/09/17,674
5010,2018/09/18,960
5011,2018/09/19,046
5012,2018/09/20,234
5013,2018/09/21,681
5014,2018/09/24,240
5015,2018/09/25,365
5016,2018/09/26,763
5017,2018/09/27,026
5018,2018/09/28,669
5019,2018/10/01,942
5020,2018/10/02,461
5021,2018/10/03,877
5022,2018/10/04,449
5023,2018/10/05,233
5024,2018/10/08,361
5025,2018/10/09,368
5026,2018/10/10,131
5027,2018/10/11,046
5028,2018/10/12,046
5029,2018/10/15,352
5030,2018/10/16,870
5031,2018/10/17,271
5032,2018/10/18,083
5033,2018/10/19,930
5034,2018/10/22,098
5035,2018/10/23,012
5036,2018/10/24,049
5037,2018/10/25,594
5038,2018/10/26,244
5039,2018/10/29,453
5040,2018/10/30,546
5041,2018/10/31,379
5042,2018/11/01,458
5043,2018/11/02,115
5044,2018/11/05,735
5045,2018/11/06,350
5046,2018/11/07,142
5047,2018/11/08,343
5048,2018/11/09,209
5049,2018/11/12,132
5050,2018/11/13,309
5051,2018/11/14,281
5052,2018/11/15,105
5053,2018/11/16,800
5054,2018/11/19,775
5055,2018/11/20,476
5056,2018/11/21,885
5057,2018/11/22,589
5058,2018/11/23,275
5059,2018/11/26,196
5060,2018/11/27,948
5061,2018/11/28,987
5062,2018/11/29,405
5063,2018/11/30,285
5064,2018/12/03,313
5065,2018/12/04,921
5066,2018/12/05,009
5067,2018/12/06,295
5068,2018/12/07,223
5069,2018/12/10,991
5070,2018/12/11,656
5071,2018/12/12,304
5072,2018/12/13,136
5073,2018/12/14,922
5074,2018/12/17,234
5075,2018/12/18,643
5076,2018/12/19,871
5077,2018/12/20,600
5078,2018/12/21,100
5079,2018/12/24,329
5080,2018/12/25,442
5081,2018/12/26,644
5082,2018/12/27,080
5083,2018/12/28,234
5084,2019/01/04,804
5085,2019/01/07,755
5086,2019/01/08,088
5087,2019/01/09,733
5088,2019/01/10,654
5089,2019/01/11,953
5090,2019/01/14,650
5091,2019/01/15,608
5092,2019/01/16,704
5093,2019/01/17,162
5094,2019/01/18,616
5095,2019/01/21,702
5096,2019/01/22,637
5097,2019/01/23,249
5098,2019/01/24,547
5099,2019/01/25,079
5100,2019/01/28,647
5101,2019/01/29,596
5102,2019/01/30,603
5103,2019/01/31,210
5104,2019/02/01,049
5105,2019/02/04,766
5106,2019/02/05,322
5107,2019/02/06,660
5108,2019/02/07,626
5109,2019/02/08,684
5110,2019/02/11,077
5111,2019/02/12,882
5112,2019/02/13,087
5113,2019/02/14,446
5114,2019/02/15,771
5115,2019/02/18,878
5116,2019/02/19,991
5117,2019/02/20,956
5118,2019/02/21,831
5119,2019/02/22,672
5120,2019/02/25,661
5121,2019/02/26,635
5122,2019/02/27,663
5123,2019/02/28,366
5124,2019/03/01,958
5125,2019/03/04,123
5126,2019/03/05,892
5127,2019/03/06,637
5128,2019/03/07,757
5129,2019/03/08,097
5130,2019/03/11,302
5131,2019/03/12,030
5132,2019/03/13,413
5133,2019/03/14,449
5134,2019/03/15,652
5135,2019/03/18,631
5136,2019/03/19,998
5137,2019/03/20,431
5138,2019/03/21,378
5139,2019/03/22,148
5140,2019/03/25,887
5141,2019/03/26,556
5142,2019/03/27,247
5143,2019/03/28,967
5144,2019/03/29,960
5145,2019/04/01,373
5146,2019/04/02,502
5147,2019/04/03,942
5148,2019/04/04,391
5149,2019/04/05,699
5150,2019/04/08,169
5151,2019/04/09,745
5152,2019/04/10,511
5153,2019/04/11,026
5154,2019/04/12,906
5155,2019/04/15,167
5156,2019/04/16,607
5157,2019/04/17,765
5158,2019/04/18,145
5159,2019/04/19,984
5160,2019/04/22,764
5161,2019/04/23,452
5162,2019/04/24,152
5163,2019/04/25,830
5164,2019/04/26,166
5165,2019/04/29,746
5166,2019/04/30,619
5167,2019/05/01,335
5168,2019/05/02,992
5169,2019/05/03,349
5170,2019/05/06,265
5171,2019/05/07,705
5172,2019/05/08,451
5173,2019/05/09,983
5174,2019/05/10,776
5175,2019/05/13,482
5176,2019/05/14,856
5177,2019/05/15,314
5178,2019/05/16,129
5179,2019/05/17,647
5180,2019/05/20,025
5181,2019/05/21,193
5182,2019/05/22,522
5183,2019/05/23,381
5184,2019/05/24,682
5185,2019/05/27,718
5186,2019/05/28,077
5187,2019/05/29,779
5188,2019/05/30,731
5189,2019/05/31,943
5190,2019/06/03,383
5191,2019/06/04,755
5192,2019/06/05,342
5193,2019/06/06,856
5194,2019/06/07,397
5195,2019/06/10,814
5196,2019/06/11,080
5197,2019/06/12,246
5198,2019/06/13,560
5199,2019/06/14,683
5200,2019/06/17,226
5201,2019/06/18,055
5202,2019/06/19,377
5203,2019/06/20,942
5204,2019/06/21,180
5205,2019/06/24,011
5206,2019/06/25,957
5207,2019/06/26,720
5208,2019/06/27,928
5209,2019/06/28,202
5210,2019/07/01,937
5211,2019/07/02,214
5212,2019/07/03,297
5213,2019/07/04,951
5214,2019/07/05,782
5215,2019/07/08,458
5216,2019/07/09,739
5217,2019/07/10,763
5218,2019/07/11,736
5219,2019/07/12,273
5220,2019/07/15,047
5221,2019/07/16,502
5222,2019/07/17,042
5223,2019/07/18,808
5224,2019/07/19,503
5225,2019/07/22,060
5226,2019/07/23,463
5227,2019/07/24,799
5228,2019/07/25,064
5229,2019/07/26,519
5230,2019/07/29,477
5231,2019/07/30,195
5232,2019/07/31,980
5233,2019/08/01,079
5234,2019/08/02,791
5235,2019/08/05,687
5236,2019/08/06,912
5237,2019/08/07,975
5238,2019/08/08,859
5239,2019/08/09,613
5240,2019/08/12,596
5241,2019/08/13,426
5242,2019/08/14,882
5243,2019/08/15,557
5244,2019/08/16,254
5245,2019/08/19,009
5246,2019/08/20,554
5247,2019/08/21,430
5248,2019/08/22,297
5249,2019/08/23,633
5250,2019/08/26,848
5251,2019/08/27,680
5252,2019/08/28,246
5253,2019/08/29,856
5254,2019/08/30,043
5255,2019/09/02,971
5256,2019/09/03,874
5257,2019/09/04,012
5258,2019/09/05,773
5259,2019/09/06,489
5260,2019/09/09,032
5261,2019/09/10,557
5262,2019/09/11,169
5263,2019/09/12,304
5264,2019/09/13,910
5265,2019/09/16,133
5266,2019/09/17,323
5267,2019/09/18,786
5268,2019/09/19,583
5269,2019/09/20,240
5270,2019/09/23,825
5271,2019/09/24,069
5272,2019/09/25,665
5273,2019/09/26,876
5274,2019/09/27,286
5275,2019/09/30,766
5276,2019/10/01,597
5277,2019/10/02,715
5278,2019/10/03,635
5279,2019/10/04,705
5280,2019/10/07,902
5281,2019/10/08,764
5282,2019/10/09,361
5283,2019/10/10,191
5284,2019/10/11,207
5285,2019/10/14,163
5286,2019/10/15,393
5287,2019/10/16,984
5288,2019/10/17,814
5289,2019/10/18,776
5290,2019/10/21,808
5291,2019/10/22,158
5292,2019/10/23,822
5293,2019/10/24,530
5294,2019/10/25,175
5295,2019/10/28,762
5296,2019/10/29,716
5297,2019/10/30,920
5298,2019/10/31,134
5299,2019/11/01,317
5300,2019/11/04,465
5301,2019/11/05,601
5302,2019/11/06,219
5303,2019/11/07,612
5304,2019/11/08,153
5305,2019/11/11,544
5306,2019/11/12,961
5307,2019/11/13,828
5308,2019/11/14,831
5309,2019/11/15,818
5310,2019/11/18,275
5311,2019/11/19,695
5312,2019/11/20,363
5313,2019/11/21,204
5314,2019/11/22,094
5315,2019/11/25,962
5316,2019/11/26,118
5317,2019/11/27,565
5318,2019/11/28,491
5319,2019/11/29,339
5320,2019/12/02,448
5321,2019/12/03,242
5322,2019/12/04,895
5323,2019/12/05,340
5324,2019/12/06,694
5325,2019/12/09,869
5326,2019/12/10,436
5327,2019/12/11,247
5328,2019/12/12,844
5329,2019/12/13,865
5330,2019/12/16,491
5331,2019/12/17,392
5332,2019/12/18,626
5333,2019/12/19,680
5334,2019/12/20,325
5335,2019/12/23,349
5336,2019/12/24,079
5337,2019/12/25,113
5338,2019/12/26,914
5339,2019/12/27,475
5340,2019/12/30,721
5341,2020/01/06,887
5342,2020/01/07,109
5343,2020/01/08,527
5344,2020/01/09,409
5345,2020/01/10,785
5346,2020/01/13,705
5347,2020/01/14,428
5348,2020/01/15,565
5349,2020/01/16,592
5350,2020/01/17,626
5351,2020/01/20,485
5352,2020/01/21,069
5353,2020/01/22,444
5354,2020/01/23,366
5355,2020/01/24,629
5356,2020/01/27,345
5357,2020/01/28,002
5358,2020/01/29,312
5359,2020/01/30,472
5360,2020/01/31,436
5361,2020/02/03,272
5362,2020/02/04,514
5363,2020/02/05,108
5364,2020/02/06,577
5365,2020/02/07,433
5366,2020/02/10,516
5367,2020/02/11,720
5368,2020/02/12,503
5369,2020/02/13,123
5370,2020/02/14,006
5371,2020/02/17,005
5372,2020/02/18,386
5373,2020/02/19,461
5374,2020/02/20,518
5375,2020/02/21,206
5376,2020/02/24,996
5377,2020/02/25,445
5378,2020/02/26,528
5379,2020/02/27,907
5380,2020/02/28,780
5381,2020/03/02,843
5382,2020/03/03,178
5383,2020/03/04,452
5384,2020/03/05,073
5385,2020/03/06,162
5386,2020/03/09,921
5387,2020/03/10,372
5388,2020/03/11,168
5389,2020/03/12,233
5390,2020/03/13,504
5391,2020/03/16,983
5392,2020/03/17,679
5393,2020/03/18,738
5394,2020/03/19,376
5395,2020/03/20,397
5396,2020/03/23,063
5397,2020/03/24,477
5398,2020/03/25,509
5399,2020/03/26,930
5400,2020/03/27,938
5401,2020/03/30,574
5402,2020/03/31,724
5403,2020/04/01,176
5404,2020/04/02,010
5405,2020/04/03,802
5406,2020/04/06,602
5407,2020/04/07,221
5408,2020/04/08,925
5409,2020/04/09,505
5410,2020/04/10,182
5411,2020/04/13,684
5412,2020/04/14,909
5413,2020/04/15,962
5414,2020/04/16,010
5415,2020/04/17,391
5416,2020/04/20,950
5417,2020/04/21,889
5418,2020/04/22,489
5419,2020/04/23,804
5420,2020/04/24,654
5421,2020/04/27,867
5422,2020/04/28,843
5423,2020/04/29,457
5424,2020/04/30,054
5425,2020/05/01,815
5426,2020/05/04,534
5427,2020/05/05,809
5428,2020/05/06,348
5429,2020/05/07,033
5430,2020/05/08,278
5431,2020/05/11,837
5432,2020/05/12,996
5433,2020/05/13,860
5434,2020/05/14,700
5435,2020/05/15,325
5436,2020/05/18,803
5437,2020/05/19,162
5438,2020/05/20,729
5439,2020/05/21,684
5440,2020/05/22,406
5441,2020/05/25,663
5442,2020/05/26,178
5443,2020/05/27,551
5444,2020/05/28,343
5445,2020/05/29,892
5446,2020/06/01,536
5447,2020/06/02,202
5448,2020/06/03,697
5449,2020/06/04,432
5450,2020/06/05,863
5451,2020/06/08,507
5452,2020/06/09,744
5453,2020/06/10,774
5454,2020/06/11,383
5455,2020/06/12,078
5456,2020/06/15,712
5457,2020/06/16,826
5458,2020/06/17,153
5459,2020/06/18,365
5460,2020/06/19,734
5461,2020/06/22,197
5462,2020/06/23,988
5463,2020/06/24,550
5464,2020/06/25,981
5465,2020/06/26,709
5466,2020/06/29,801
5467,2020/06/30,245
5468,2020/07/01,358
5469,2020/07/02,510
5470,2020/07/03,464
5471,2020/07/06,337
5472,2020/07/07,112
5473,2020/07/08,024
5474,2020/07/09,339
5475,2020/07/10,937
5476,2020/07/13,182
5477,2020/07/14,738
5478,2020/07/15,697
5479,2020/07/16,699
5480,2020/07/17,613
5481,2020/07/20,350
5482,2020/07/21,378
5483,2020/07/22,637
5484,2020/07/23,097
5485,2020/07/24,224
5486,2020/07/27,495
5487,2020/07/28,008
5488,2020/07/29,902
5489,2020/07/30,555
5490,2020/07/31,130
5491,2020/08/03,009
5492,2020/08/04,113
5493,2020/08/05,229
5494,2020/08/06,796
5495,2020/08/07,332
5496,2020/08/10,681
5497,2020/08/11,871
5498,2020/08/12,640
5499,2020/08/13,998
5500,2020/08/14,132
5501,2020/08/17,946
5502,2020/08/18,858
5503,2020/08/19,884
5504,2020/08/20,611
5505,2020/08/21,529
5506,2020/08/24,317
5507,2020/08/25,226
5508,2020/08/26,687
5509,2020/08/27,267
5510,2020/08/28,930
5511,2020/08/31,443
5512,2020/09/01,838
5513,2020/09/02,995
5514,2020/09/03,716
5515,2020/09/04,445
5516,2020/09/07,793
5517,2020/09/08,948
5518,2020/09/09,461
5519,2020/09/10,899
5520,2020/09/11,195
5521,2020/09/14,046
5522,2020/09/15,848
5523,2020/09/16,927
5524,2020/09/17,376
5525,2020/09/18,432
5526,2020/09/21,240
5527,2020/09/22,208
5528,2020/09/23,365
5529,2020/09/24,660
5530,2020/09/25,040
5531,2020/09/28,932
5532,2020/09/29,969
5533,2020/09/30,130
5534,2020/10/01,659
5535,2020/10/02,040
5536,2020/10/05,160
5537,2020/10/06,472
5538,2020/10/07,944
5539,2020/10/08,277
5540,2020/10/09,820
5541,2020/10/12,979
5542,2020/10/13,300
5543,2020/10/14,424
5544,2020/10/15,650
5545,2020/10/16,680
5546,2020/10/19,829
5547,2020/10/20,963
5548,2020/10/21,777
5549,2020/10/22,118
5550,2020/10/23,846
5551,2020/10/26,937
5552,2020/10/27,129
5553,2020/10/28,862
5554,2020/10/29,481
5555,2020/10/30,458
5556,2020/11/02,761
5557,2020/11/03,210
5558,2020/11/04,322
5559,2020/11/05,993
5560,2020/11/06,415
5561,2020/11/09,174
5562,2020/11/10,242
5563,2020/11/11,287
5564,2020/11/12,475
5565,2020/11/13,922
5566,2020/11/16,842
5567,2020/11/17,136
5568,2020/11/18,346
5569,2020/11/19,000
5570,2020/11/20,321
5571,2020/11/23,014
5572,2020/11/24,998
5573,2020/11/25,945
5574,2020/11/26,171
5575,2020/11/27,282
5576,2020/11/30,571
5577,2020/12/01,659
5578,2020/12/02,729
5579,2020/12/03,275
5580,2020/12/04,201
5581,2020/12/07,314
5582,2020/12/08,898
5583,2020/12/09,693
5584,2020/12/10,823
5585,2020/12/11,831
5586,2020/12/14,688
5587,2020/12/15,377
5588,2020/12/16,364
5589,2020/12/17,711
5590,2020/12/18,017
5591,2020/12/21,421
5592,2020/12/22,689
5593,2020/12/23,485
5594,2020/12/24,316
5595,2020/12/25,588
5596,2020/12/28,925
5597,2020/12/29,439
5598,2020/12/30,013
5599,2021/01/04,489
5600,2021/01/05,715
5601,2021/01/06,325
5602,2021/01/07,762
5603,2021/01/08,229
5604,2021/01/11,051
5605,2021/01/12,197
5606,2021/01/13,517
5607,2021/01/14,053
5608,2021/01/15,740
5609,2021/01/18,240
5610,2021/01/19,355
5611,2021/01/20,294
5612,2021/01/21,923
5613,2021/01/22,635
5614,2021/01/25,196
5615,2021/01/26,240
5616,2021/01/27,602
5617,2021/01/28,951
5618,2021/01/29,698
5619,2021/02/01,514
5620,2021/02/02,509
5621,2021/02/03,398
5622,2021/02/04,704
5623,2021/02/05,281
5624,2021/02/08,357
5625,2021/02/09,486
5626,2021/02/10,843
5627,2021/02/11,641
5628,2021/02/12,000
5629,2021/02/15,744
5630,2021/02/16,785
5631,2021/02/17,003
5632,2021/02/18,912
5633,2021/02/19,154
5634,2021/02/22,179
5635,2021/02/23,862
5636,2021/02/24,385
5637,2021/02/25,997
5638,2021/02/26,298
5639,2021/03/01,246
5640,2021/03/02,934
5641,2021/03/03,291
5642,2021/03/04,931
5643,2021/03/05,831
5644,2021/03/08,097
5645,2021/03/09,807
5646,2021/03/10,566
5647,2021/03/11,767
5648,2021/03/12,759
5649,2021/03/15,351
5650,2021/03/16,642
5651,2021/03/17,881
5652,2021/03/18,347
5653,2021/03/19,989
5654,2021/03/22,048
5655,2021/03/23,369
5656,2021/03/24,876
5657,2021/03/25,548
5658,2021/03/26,020
5659,2021/03/29,574
5660,2021/03/30,526
5661,2021/03/31,985
5662,2021/04/01,655
5663,2021/04/02,933
5664,2021/04/05,415
5665,2021/04/06,053
5666,2021/04/07,742
5667,2021/04/08,611
5668,2021/04/09,684
5669,2021/04/12,178
5670,2021/04/13,136
5671,2021/04/14,680
5672,2021/04/15,016
5673,2021/04/16,623
5674,2021/04/19,750
5675,2021/04/20,526
5676,2021/04/21,258
5677,2021/04/22,148
5678,2021/04/23,762
5679,2021/04/26,109
5680,2021/04/27,053
5681,2021/04/28,537
5682,2021/04/29,755
5683,2021/04/30,050
5684,2021/05/03,971
5685,2021/05/04,465
5686,2021/05/05,782
5687,2021/05/06,475
5688,2021/05/07,068
5689,2021/05/10,860
5690,2021/05/11,753
5691,2021/05/12,265
5692,2021/05/13,958
5693,2021/05/14,863
5694,2021/05/17,615
5695,2021/05/18,270
5696,2021/05/19,855
5697,2021/05/20,130
5698,2021/05/21,151
5699,2021/05/24,052
5700,2021/05/25,369
5701,2021/05/26,576
5702,2021/05/27,635
5703,2021/05/28,282
5704,2021/05/31,493
5705,2021/06/01,117
5706,2021/06/02,948
5707,2021/06/03,633
5708,2021/06/04,227
5709,2021/06/07,118
5710,2021/06/08,841
5711,2021/06/09,736
5712,2021/06/10,746
5713,2021/06/11,695
5714,2021/06/14,901
5715,2021/06/15,108
5716,2021/06/16,553
5717,2021/06/17,089
5718,2021/06/18,752
5719,2021/06/21,367
5720,2021/06/22,400
5721,2021/06/23,836
5722,2021/06/24,153
5723,2021/06/25,093
5724,2021/06/28,479
5725,2021/06/29,736
5726,2021/06/30,389
5727,2021/07/01,472
5728,2021/07/02,759
5729,2021/07/05,591
5730,2021/07/06,641
5731,2021/07/07,888
5732,2021/07/08,758
5733,2021/07/09,292
5734,2021/07/12,768
5735,2021/07/13,293
5736,2021/07/14,740
5737,2021/07/15,920
5738,2021/07/16,090
5739,2021/07/19,415
5740,2021/07/20,900
5741,2021/07/21,803
5742,2021/07/22,764
5743,2021/07/23,378
5744,2021/07/26,388
5745,2021/07/27,556
5746,2021/07/28,614
5747,2021/07/29,764
5748,2021/07/30,704
5749,2021/08/02,239
5750,2021/08/03,240
5751,2021/08/04,696
5752,2021/08/05,345
5753,2021/08/06,163
5754,2021/08/09,419
5755,2021/08/10,599
5756,2021/08/11,261
5757,2021/08/12,745
5758,2021/08/13,707
5759,2021/08/16,746
5760,2021/08/17,630
5761,2021/08/18,144
5762,2021/08/19,034
5763,2021/08/20,862
5764,2021/08/23,128
5765,2021/08/24,841
5766,2021/08/25,760
5767,2021/08/26,987
5768,2021/08/27,413
5769,2021/08/30,412
5770,2021/08/31,335
5771,2021/09/01,502
5772,2021/09/02,933
5773,2021/09/03,099
5774,2021/09/06,595
5775,2021/09/07,059
5776,2021/09/08,547
5777,2021/09/09,916
5778,2021/09/10,931
5779,2021/09/13,040
5780,2021/09/14,468
5781,2021/09/15,032
5782,2021/09/16,662
5783,2021/09/17,714
5784,2021/09/20,723
5785,2021/09/21,114
5786,2021/09/22,708
5787,2021/09/23,975
5788,2021/09/24,262
5789,2021/09/27,275
5790,2021/09/28,226
5791,2021/09/29,610
5792,2021/09/30,606
5793,2021/10/01,910
5794,2021/10/04,876
5795,2021/10/05,033
5796,2021/10/06,649
5797,2021/10/07,716
5798,2021/10/08,071
5799,2021/10/11,473
5800,2021/10/12,461
5801,2021/10/13,642
5802,2021/10/14,019
5803,2021/10/15,968
5804,2021/10/18,527
5805,2021/10/19,491
5806,2021/10/20,353
5807,2021/10/21,722
5808,2021/10/22,426
5809,2021/10/25,970
5810,2021/10/26,495
5811,2021/10/27,488
5812,2021/10/28,187
5813,2021/10/29,236
5814,2021/11/01,042
5815,2021/11/02,265
5816,2021/11/03,188
5817,2021/11/04,063
5818,2021/11/05,169
5819,2021/11/08,576
5820,2021/11/09,024
5821,2021/11/10,905
5822,2021/11/11,748
5823,2021/11/12,635
5824,2021/11/15,245
5825,2021/11/16,313
5826,2021/11/17,967
5827,2021/11/18,802
5828,2021/11/19,571
5829,2021/11/22,363
5830,2021/11/23,549
5831,2021/11/24,448
5832,2021/11/25,357
5833,2021/11/26,931
5834,2021/11/29,935
5835,2021/11/30,840
5836,2021/12/01,126
5837,2021/12/02,398
5838,2021/12/03,856
5839,2021/12/06,075
5840,2021/12/07,871
5841,2021/12/08,570
5842,2021/12/09,398
5843,2021/12/10,540
5844,2021/12/13,418
5845,2021/12/14,702
5846,2021/12/15,728
5847,2021/12/16,074
5848,2021/12/17,050
5849,2021/12/20,245
5850,2021/12/21,858
5851,2021/12/22,365
5852,2021/12/23,486
5853,2021/12/24,069
5854,2021/12/27,692
5855,2021/12/28,553
5856,2021/12/29,737
5857,2021/12/30,131
5858,2022/01/04,394
5859,2022/01/05,917
5860,2022/01/06,201
5861,2022/01/07,698
5862,2022/01/10,758
5863,2022/01/11,906
5864,2022/01/12,372
5865,2022/01/13,387
5866,2022/01/14,946
5867,2022/01/17,529
5868,2022/01/18,118
5869,2022/01/19,330
5870,2022/01/20,739
5871,2022/01/21,597
5872,2022/01/24,207
5873,2022/01/25,607
5874,2022/01/26,988
5875,2022/01/27,995
5876,2022/01/28,355
5877,2022/01/31,125
5878,2022/02/01,372
5879,2022/02/02,160
5880,2022/02/03,839
5881,2022/02/04,094
5882,2022/02/07,138
5883,2022/02/08,355
5884,2022/02/09,008
5885,2022/02/10,577
5886,2022/02/11,888
5887,2022/02/14,973
5888,2022/02/15,280
5889,2022/02/16,494
5890,2022/02/17,719
5891,2022/02/18,098
5892,2022/02/21,991
5893,2022/02/22,481
5894,2022/02/23,520
5895,2022/02/24,811
5896,2022/02/25,951
5897,2022/02/28,358
5898,2022/03/01,463
5899,2022/03/02,735
5900,2022/03/03,907
5901,2022/03/04,432
5902,2022/03/07,493
5903,2022/03/08,348
5904,2022/03/09,516
5905,2022/03/10,920
5906,2022/03/11,790
5907,2022/03/14,552
5908,2022/03/15,805
5909,2022/03/16,567
5910,2022/03/17,798
5911,2022/03/18,529
5912,2022/03/21,133
5913,2022/03/22,428
5914,2022/03/23,028
5915,2022/03/24,959
5916,2022/03/25,928
5917,2022/03/28,943
5918,2022/03/29,515
5919,2022/03/30,522
5920,2022/03/31,733
5921,2022/04/01,194
5922,2022/04/04,060
5923,2022/04/05,106
5924,2022/04/06,922
5925,2022/04/07,622
5926,2022/04/08,683
5927,2022/04/11,391
5928,2022/04/12,338
5929,2022/04/13,882
5930,2022/04/14,859
5931,2022/04/15,451
5932,2022/04/18,950
5933,2022/04/19,124
5934,2022/04/20,162
5935,2022/04/21,040
5936,2022/04/22,193
5937,2022/04/25,696
5938,2022/04/26,939
5939,2022/04/27,183
5940,2022/04/28,621
5941,2022/04/29,226
5942,2022/05/02,468
5943,2022/05/03,985
5944,2022/05/04,394
5945,2022/05/05,655
5946,2022/05/06,529
5947,2022/05/09,283
5948,2022/05/10,408
5949,2022/05/11,713
5950,2022/05/12,264
5951,2022/05/13,612
5952,2022/05/16,981
5953,2022/05/17,150
5954,2022/05/18,007
5955,2022/05/19,603
5956,2022/05/20,941
5957,2022/05/23,319
5958,2022/05/24,123
5959,2022/05/25,940
5960,2022/05/26,544
5961,2022/05/27,431
5962,2022/05/30,250
5963,2022/05/31,790
5964,2022/06/01,030
5965,2022/06/02,044
5966,2022/06/03,677
5967,2022/06/06,739
5968,2022/06/07,936
5969,2022/06/08,640
5970,2022/06/09,415
5971,2022/06/10,274
5972,2022/06/13,272
5973,2022/06/14,753
5974,2022/06/15,492
5975,2022/06/16,597
5976,2022/06/17,087
5977,2022/06/20,112
5978,2022/06/21,445
5979,2022/06/22,377
5980,2022/06/23,844
5981,2022/06/24,959
5982,2022/06/27,953
5983,2022/06/28,098
5984,2022/06/29,483
5985,2022/06/30,134
5986,2022/07/01,089
5987,2022/07/04,671
5988,2022/07/05,640
5989,2022/07/06,771
5990,2022/07/07,628
5991,2022/07/08,641
5992,2022/07/11,606
5993,2022/07/12,043
5994,2022/07/13,689
5995,2022/07/14,949
5996,2022/07/15,359
5997,2022/07/18,994
5998,2022/07/19,459
5999,2022/07/20,941
6000,2022/07/21,217
6001,2022/07/22,414
6002,2022/07/25,370
6003,2022/07/26,208
6004,2022/07/27,047
6005,2022/07/28,691
6006,2022/07/29,705
6007,2022/08/01,827
6008,2022/08/02,890
6009,2022/08/03,818
6010,2022/08/04,475
6011,2022/08/05,509
6012,2022/08/08,546
6013,2022/08/09,498
6014,2022/08/10,257
6015,2022/08/11,802
6016,2022/08/12,731
6017,2022/08/15,033
6018,2022/08/16,624
6019,2022/08/17,287
6020,2022/08/18,302
6021,2022/08/19,462
6022,2022/08/22,849
6023,2022/08/23,048
6024,2022/08/24,877
6025,2022/08/25,252
6026,2022/08/26,514
6027,2022/08/29,988
6028,2022/08/30,879
6029,2022/08/31,685
6030,2022/09/01,353
6031,2022/09/02,347
6032,2022/09/05,591
6033,2022/09/06,114
6034,2022/09/07,892
6035,2022/09/08,020
6036,2022/09/09,566
6037,2022/09/12,411
6038,2022/09/13,170
6039,2022/09/14,318
6040,2022/09/15,988
6041,2022/09/16,979
6042,2022/09/19,445
6043,2022/09/20,232
6044,2022/09/21,281
6045,2022/09/22,595
6046,2022/09/23,278
6047,2022/09/26,222
6048,2022/09/27,443
6049,2022/09/28,727
6050,2022/09/29,274
6051,2022/09/30,125
6052,2022/10/03,394
6053,2022/10/04,009
6054,2022/10/05,146
6055,2022/10/06,432
6056,2022/10/07,031
6057,2022/10/10,139
6058,2022/10/11,601
6059,2022/10/12,630
6060,2022/10/13,280
6061,2022/10/14,595
6062,2022/10/17,763
6063,2022/10/18,809
6064,2022/10/19,002
6065,2022/10/20,804
6066,2022/10/21,570
6067,2022/10/24,030
6068,2022/10/25,046
6069,2022/10/26,605
6070,2022/10/27,850
6071,2022/10/28,849
6072,2022/10/31,986
6073,2022/11/01,281
6074,2022/11/02,746
6075,2022/11/03,065
6076,2022/11/04,763
6077,2022/11/07,089
6078,2022/11/08,800
6079,2022/11/09,054
6080,2022/11/10,394
6081,2022/11/11,754
6082,2022/11/14,659
6083,2022/11/15,641
6084,2022/11/16,824
6085,2022/11/17,930
6086,2022/11/18,947
6087,2022/11/21,590
6088,2022/11/22,348
6089,2022/11/23,533
6090,2022/11/24,438
6091,2022/11/25,424
6092,2022/11/28,754
6093,2022/11/29,386
6094,2022/11/30,589
6095,2022/12/01,978
6096,2022/12/02,447
6097,2022/12/05,468
6098,2022/12/06,658
6099,2022/12/07,745
6100,2022/12/08,671
6101,2022/12/09,742
6102,2022/12/12,636
6103,2022/12/13,638
6104,2022/12/14,799
6105,2022/12/15,613
6106,2022/12/16,559
6107,2022/12/19,460
6108,2022/12/20,229
6109,2022/12/21,947
6110,2022/12/22,035
6111,2022/12/23,329
6112,2022/12/26,857
6113,2022/12/27,929
6114,2022/12/28,958
6115,2022/12/29,194
6116,2022/12/30,953
6117,2023/01/04,091
6118,2023/01/05,433
6119,2023/01/06,185
6120,2023/01/09,661
6121,2023/01/10,203
6122,2023/01/11,895
6123,2023/01/12,055
6124,2023/01/13,118
6125,2023/01/16,169
6126,2023/01/17,625
6127,2023/01/18,963
6128,2023/01/19,611
6129,2023/01/20,630
6130,2023/01/23,606
6131,2023/01/24,167
6132,2023/01/25,252
6133,2023/01/26,637
6134,2023/01/27,310
6135,2023/01/30,108
6136,2023/01/31,482
6137,2023/02/01,226
6138,2023/02/02,596
6139,2023/02/03,566
6140,2023/02/06,514
6141,2023/02/07,168
6142,2023/02/08,716
6143,2023/02/09,310
6144,2023/02/10,470
6145,2023/02/13,309
6146,2023/02/14,727
6147,2023/02/15,268
6148,2023/02/16,657
6149,2023/02/17,986
6150,2023/02/20,800
6151,2023/02/21,520
6152,2023/02/22,460
6153,2023/02/23,909
6154,2023/02/24,432
6155,2023/02/27,424
6156,2023/02/28,715
6157,2023/03/01,989
6158,2023/03/02,474
6159,2023/03/03,609
6160,2023/03/06,145
6161,2023/03/07,276
6162,2023/03/08,175
6163,2023/03/09,092
6164,2023/03/10,429
6165,2023/03/13,674
6166,2023/03/14,144
6167,2023/03/15,134
6168,2023/03/16,232
6169,2023/03/17,161
6170,2023/03/20,675
6171,2023/03/21,337
6172,2023/03/22,928
6173,2023/03/23,325
6174,2023/03/24,484
6175,2023/03/27,321
6176,2023/03/28,137
6177,2023/03/29,320
6178,2023/03/30,839
6179,2023/03/31,694
6180,2023/04/03,009
6181,2023/04/04,911
6182,2023/04/05,644
6183,2023/04/06,258
6184,2023/04/07,278
6185,2023/04/10,847
6186,2023/04/11,600
6187,2023/04/12,890
6188,2023/04/13,101
6189,2023/04/14,543
6190,2023/04/17,072
6191,2023/04/18,188
6192,2023/04/19,733
6193,2023/04/20,423
6194,2023/04/21,962
6195,2023/04/24,178
6196,2023/04/25,273
6197,2023/04/26,799
6198,2023/04/27,958
6199,2023/04/28,953
6200,2023/05/01,237
6201,2023/05/02,372
6202,2023/05/03,828
6203,2023/05/04,019
6204,2023/05/05,788
6205,2023/05/08,734
6206,2023/05/09,675
6207,2023/05/10,746
6208,2023/05/11,218
6209,2023/05/12,140
6210,2023/05/15,055
6211,2023/05/16,464
6212,2023/05/17,620
6213,2023/05/18,350
6214,2023/05/19,138
6215,2023/05/22,292
6216,2023/05/23,931
6217,2023/05/24,584
6218,2023/05/25,908
6219,2023/05/26,277
6220,2023/05/29,022
6221,2023/05/30,041
6222,2023/05/31,047
6223,2023/06/01,608
6224,2023/06/02,322
6225,2023/06/05,753
6226,2023/06/06,076
6227,2023/06/07,995
6228,2023/06/08,232
6229,2023/06/09,583
6230,2023/06/12,088
6231,2023/06/13,370
6232,2023/06/14,809
6233,2023/06/15,469
6234,2023/06/16,377
6235,2023/06/19,893
6236,2023/06/20,499
6237,2023/06/21,941
6238,2023/06/22,357
6239,2023/06/23,781
6240,2023/06/26,600
6241,2023/06/27,305
6242,2023/06/28,342
6243,2023/06/29,795
6244,2023/06/30,455
6245,2023/07/03,430
6246,2023/07/04,921
6247,2023/07/05,574
6248,2023/07/06,893
6249,2023/07/07,637
6250,2023/07/10,888
6251,2023/07/11,688
6252,2023/07/12,339
6253,2023/07/13,112
6254,2023/07/14,642
6255,2023/07/17,974
6256,2023/07/18,097
6257,2023/07/19,857
6258,2023/07/20,430
6259,2023/07/21,831
6260,2023/07/24,785
6261,2023/07/25,023
6262,2023/07/26,199
6263,2023/07/27,243
6264,2023/07/28,558
6265,2023/07/31,353
6266,2023/08/01,684
6267,2023/08/02,507
6268,2023/08/03,427
6269,2023/08/04,485
6270,2023/08/07,555
6271,2023/08/08,422
6272,2023/08/09,840
6273,2023/08/10,692
6274,2023/08/11,485
6275,2023/08/14,622
6276,2023/08/15,747
6277,2023/08/16,748
6278,2023/08/17,068
6279,2023/08/18,035
6280,2023/08/21,846
6281,2023/08/22,935
6282,2023/08/23,326
6283,2023/08/24,758
6284,2023/08/25,901
6285,2023/08/28,075
6286,2023/08/29,672
6287,2023/08/30,216
6288,2023/08/31,052
6289,2023/09/01,781
6290,2023/09/04,940
6291,2023/09/05,007
6292,2023/09/06,117
6293,2023/09/07,164
6294,2023/09/08,928
6295,2023/09/11,286
6296,2023/09/12,917
6297,2023/09/13,751
6298,2023/09/14,580
6299,2023/09/15,579
6300,2023/09/18,577
6301,2023/09/19,484
6302,2023/09/20,669
6303,2023/09/21,876
6304,2023/09/22,017
6305,2023/09/25,951
6306,2023/09/26,251
6307,2023/09/27,305
6308,2023/09/28,184
6309,2023/09/29,103
6310,2023/10/02,951
6311,2023/10/03,220
6312,2023/10/04,484
6313,2023/10/05,068
6314,2023/10/06,235
6315,2023/10/09,209
6316,2023/10/10,414
6317,2023/10/11,590
6318,2023/10/12,550
6319,2023/10/13,549
6320,2023/10/16,149
6321,2023/10/17,844
6322,2023/10/18,373
6323,2023/10/19,985
6324,2023/10/20,712
6325,2023/10/23,110
6326,2023/10/24,509
6327,2023/10/25,880
6328,2023/10/26,878
6329,2023/10/27,374
6330,2023/10/30,400
6331,2023/10/31,645
6332,2023/11/01,208
6333,2023/11/02,840
6334,2023/11/03,006
6335,2023/11/06,282
6336,2023/11/07,595
6337,2023/11/08,114
6338,2023/11/09,866
6339,2023/11/10,060
6340,2023/11/13,566
6341,2023/11/14,208
6342,2023/11/15,802
6343,2023/11/16,105
6344,2023/11/17,158
6345,2023/11/20,502
6346,2023/11/21,109
6347,2023/11/22,584
6348,2023/11/23,443
6349,2023/11/24,470
6350,2023/11/27,770
6351,2023/11/28,041
6352,2023/11/29,949
6353,2023/11/30,060
6354,2023/12/01,082
6355,2023/12/04,511
6356,2023/12/05,557
6357,2023/12/06,204
6358,2023/12/07,384
6359,2023/12/08,183
6360,2023/12/11,558
6361,2023/12/12,544
6362,2023/12/13,104
6363,2023/12/14,169
6364,2023/12/15,230
6365,2023/12/18,532
6366,2023/12/19,118
6367,2023/12/20,153
6368,2023/12/21,304
6369,2023/12/22,850
6370,2023/12/25,049
6371,2023/12/26,906
6372,2023/12/27,451
6373,2023/12/28,090
6374,2023/12/29,429
6375,2024/01/04,013
6376,2024/01/05,491
6377,2024/01/08,565
6378,2024/01/09,389
6379,2024/01/10,460
6380,2024/01/11,341
6381,2024/01/12,919
6382,2024/01/15,833
6383,2024/01/16,780
6384,2024/01/17,320
6385,2024/01/18,604
6386,2024/01/19,091
6387,2024/01/22,385
6388,2024/01/23,715
6389,2024/01/24,725
6390,2024/01/25,796
6391,2024/01/26,101
6392,2024/01/29,419
6393,2024/01/30,802
6394,2024/01/31,723
6395,2024/02/01,310
6396,2024/02/02,546
6397,2024/02/05,458
6398,2024/02/06,945
6399,2024/02/07,791
6400,2024/02/08,948
6401,2024/02/09,706
6402,2024/02/12,916
6403,2024/02/13,055
6404,2024/02/14,692
6405,2024/02/15,963
6406,2024/02/16,394
6407,2024/02/19,920
6408,2024/02/20,541
6409,2024/02/21,105
6410,2024/02/22,633
6411,2024/02/23,834
6412,2024/02/26,834
6413,2024/02/27,358
6414,2024/02/28,983
6415,2024/02/29,414
6416,2024/03/01,367
6417,2024/03/04,017
6418,2024/03/05,566
6419,2024/03/06,395
6420,2024/03/07,956
6421,2024/03/08,810
6422,2024/03/11,366
6423,2024/03/12,494
6424,2024/03/13,388
6425,2024/03/14,833
6426,2024/03/15,957
6427,2024/03/18,378
6428,2024/03/19,991
6429,2024/03/20,978
6430,2024/03/21,495
6431,2024/03/22,059
6432,2024/03/25,391
6433,2024/03/26,504
6434,2024/03/27,346
6435,2024/03/28,578
6436,2024/03/29,150
6437,2024/04/01,603
6438,2024/04/02,440
6439,2024/04/03,992
6440,2024/04/04,965
6441,2024/04/05,639
6442,2024/04/08,881
6443,2024/04/09,018
6444,2024/04/10,668
6445,2024/04/11,627
6446,2024/04/12,490
6447,2024/04/15,089
6448,2024/04/16,081
6449,2024/04/17,180
6450,2024/04/18,736
6451,2024/04/19,910
6452,2024/04/22,941
6453,2024/04/23,806
6454,2024/04/24,975
6455,2024/04/25,981
6456,2024/04/26,279
6457,2024/04/29,898
6458,2024/04/30,020
6459,2024/05/01,907
6460,2024/05/02,313
6461,2024/05/03,666
6462,2024/05/06,827
6463,2024/05/07,282
6464,2024/05/08,412
6465,2024/05/09,271
6466,2024/05/10,473
6467,2024/05/13,186
6468,2024/05/14,772
6469,2024/05/15,219
6470,2024/05/16,943
6471,2024/05/17,872
6472,2024/05/20,156
6473,2024/05/21,526
6474,2024/05/22,719
6475,2024/05/23,268
6476,2024/05/24,267
6477,2024/05/27,161
6478,2024/05/28,564
6479,2024/05/29,419
6480,2024/05/30,933
6481,2024/05/31,904
6482,2024/06/03,199
6483,2024/06/04,478
6484,2024/06/05,712
6485,2024/06/06,781
6486,2024/06/07,455
6487,2024/06/10,760
6488,2024/06/11,529
6489,2024/06/12,788
6490,2024/06/13,435
6491,2024/06/14,632
6492,2024/06/17,421
6493,2024/06/18,119
6494,2024/06/19,665
6495,2024/06/20,017
6496,2024/06/21,668
6497,2024/06/24,484
6498,2024/06/25,018
6499,2024/06/26,426
6500,2024/06/27,280
6501,2024/06/28,364
6502,2024/07/01,724
6503,2024/07/02,732
6504,2024/07/03,094
6505,2024/07/04,575
6506,2024/07/05,993
6507,2024/07/08,810
6508,2024/07/09,273
6509,2024/07/10,224
6510,2024/07/11,335
6511,2024/07/12,475
6512,2024/07/15,098
6513,2024/07/16,884
6514,2024/07/17,100
6515,2024/07/18,864
6516,2024/07/19,086
6517,2024/07/22,937
6518,2024/07/23,620
6519,2024/07/24,643
6520,2024/07/25,503
6521,2024/07/26,498
6522,2024/07/29,853
6523,2024/07/30,343
6524,2024/07/31,392
6525,2024/08/01,098
6526,2024/08/02,127
6527,2024/08/05,280
6528,2024/08/06,802
6529,2024/08/07,862
6530,2024/08/08,036
6531,2024/08/09,270
6532,2024/08/12,580
6533,2024/08/13,701
6534,2024/08/14,051
6535,2024/08/15,337
6536,2024/08/16,322
6537,2024/08/19,684
6538,2024/08/20,772
6539,2024/08/21,803
6540,2024/08/22,801
6541,2024/08/23,067
6542,2024/08/26,900
6543,2024/08/27,376
6544,2024/08/28,656
6545,2024/08/29,355
6546,2024/08/30,864
6547,2024/09/02,398
6548,2024/09/03,216
6549,2024/09/04,385
6550,2024/09/05,666
6551,2024/09/06,827
6552,2024/09/09,500
6553,2024/09/10,811
6554,2024/09/11,508
6555,2024/09/12,527
6556,2024/09/13,215
6557,2024/09/16,319
6558,2024/09/17,669
6559,2024/09/18,430
6560,2024/09/19,297
6561,2024/09/20,776
6562,2024/09/23,808
6563,2024/09/24,844
6564,2024/09/25,835
6565,2024/09/26,841
6566,2024/09/27,171
6567,2024/09/30,549
6568,2024/10/01,484
6569,2024/10/02,190
6570,2024/10/03,097
6571,2024/10/04,610
6572,2024/10/07,477
6573,2024/10/08,014
6574,2024/10/09,113
6575,2024/10/10,264
6576,2024/10/11,751
6577,2024/10/14,202
6578,2024/10/15,582
6579,2024/10/16,983
6580,2024/10/17,546
6581,2024/10/18,411
6582,2024/10/21,934
6583,2024/10/22,731
6584,2024/10/23,691
6585,2024/10/24,021
6586,2024/10/25,783
6587,2024/10/28,830
6588,2024/10/29,161
6589,2024/10/30,060
6590,2024/10/31,133
6591,2024/11/01,241
6592,2024/11/04,187
6593,2024/11/05,290
6594,2024/11/06,359
6595,2024/11/07,395
6596,2024/11/08,984
6597,2024/11/11,230
6598,2024/11/12,518
6599,2024/11/13,091
6600,2024/11/14,530
6601,2024/11/15,091
6602,2024/11/18,035
6603,2024/11/19,956
6604,2024/11/20,406
6605,2024/11/21,138
6606,2024/11/22,147
6607,2024/11/25,566
6608,2024/11/26,814
6609,2024/11/27,638
6610,2024/11/28,878
6611,2024/11/29,656
6612,2024/12/02,175
6613,2024/12/03,340
6614,2024/12/04,179
6615,2024/12/05,710
6616,2024/12/06,281
6617,2024/12/09,692
6618,2024/12/10,205
6619,2024/12/11,431
6620,2024/12/12,989
6621,2024/12/13,409
6622,2024/12/16,632
6623,2024/12/17,264
6624,2024/12/18,108
6625,2024/12/19,873
6626,2024/12/20,052
6627,2024/12/23,495
6628,2024/12/24,496
6629,2024/12/25,404
6630,2024/12/26,315
6631,2024/12/27,953
6632,2024/12/30,303
6633,2025/01/06,188
6634,2025/01/07,238
6635,2025/01/08,462
6636,2025/01/09,207
6637,2025/01/10,669
6638,2025/01/13,265
6639,2025/01/14,606
6640,2025/01/15,216
6641,2025/01/16,100
6642,2025/01/17,944
6643,2025/01/20,672
6644,2025/01/21,496
6645,2025/01/22,842
6646,2025/01/23,239
6647,2025/01/24,557
6648,2025/01/27,169
6649,2025/01/28,763
6650,2025/01/29,314
6651,2025/01/30,577
6652,2025/01/31,020
6653,2025/02/03,168
6654,2025/02/04,799
6655,2025/02/05,973
6656,2025/02/06,033
6657,2025/02/07,100
6658,2025/02/10,249
6659,2025/02/11,086
6660,2025/02/12,427
6661,2025/02/13,354
6662,2025/02/14,720
6663,2025/02/17,796
6664,2025/02/18,804
6665,2025/02/19,157
6666,2025/02/20,770
6667,2025/02/21,531
6668,2025/02/24,423
6669,2025/02/25,185
6670,2025/02/26,996
6671,2025/02/27,372
6672,2025/02/28,394
6673,2025/03/03,422
6674,2025/03/04,638
6675,2025/03/05,052
6676,2025/03/06,417
6677,2025/03/07,128
6678,2025/03/10,959
6679,2025/03/11,036
6680,2025/03/12,312
6681,2025/03/13,946
6682,2025/03/14,766
6683,2025/03/17,187
6684,2025/03/18,150
6685,2025/03/19,099
6686,2025/03/20,320
6687,2025/03/21,146
6688,2025/03/24,948
6689,2025/03/25,990
6690,2025/03/26,029
6691,2025/03/27,725
6692,2025/03/28,730
6693,2025/03/31,337
6694,2025/04/01,515
6695,2025/04/02,964
6696,2025/04/03,129
6697,2025/04/04,214
6698,2025/04/07,623
6699,2025/04/08,457
6700,2025/04/09,046
6701,2025/04/10,467
6702,2025/04/11,543
6703,2025/04/14,313
6704,2025/04/15,574
6705,2025/04/16,629
6706,2025/04/17,249
6707,2025/04/18,440
6708,2025/04/21,637
6709,2025/04/22,020
6710,2025/04/23,896
6711,2025/04/24,978
6712,2025/04/25,446
6713,2025/04/28,718
6714,2025/04/29,253
6715,2025/04/30,878
6716,2025/05/01,752
6717,2025/05/02,652
6718,2025/05/05,133
6719,2025/05/06,157
6720,2025/05/07,990
6721,2025/05/08,990
6722,2025/05/09,190
6723,2025/05/12,502
6724,2025/05/13,152
6725,2025/05/14,122
6726,2025/05/15,371
6727,2025/05/16,611
6728,2025/05/19,870
6729,2025/05/20,263
6730,2025/05/21,355
6731,2025/05/22,680
6732,2025/05/23,752
6733,2025/05/26,902
6734,2025/05/27,238
6735,2025/05/28,564
6736,2025/05/29,849
6737,2025/05/30,549
6738,2025/06/02,898
6739,2025/06/03,800
6740,2025/06/04,819
6741,2025/06/05,066
6742,2025/06/06,227
6743,2025/06/09,490
6744,2025/06/10,284
6745,2025/06/11,918
6746,2025/06/12,535
6747,2025/06/13,069
6748,2025/06/16,040
6749,2025/06/17,482
6750,2025/06/18,120
6751,2025/06/19,695
6752,2025/06/20,536
6753,2025/06/23,870
6754,2025/06/24,652
6755,2025/06/25,306
6756,2025/06/26,458
6757,2025/06/27,621
6758,2025/06/30,149
6759,2025/07/01,307
6760,2025/07/02,897
6761,2025/07/03,108
6762,2025/07/04,407
6763,2025/07/07,190
6764,2025/07/08,614
6765,2025/07/09,843
6766,2025/07/10,364
6767,2025/07/11,324
6768,2025/07/14,588
6769,2025/07/15,548
6770,2025/07/16,693
6771,2025/07/17,442
6772,2025/07/18,601
6773,2025/07/21,224
6774,2025/07/22,168
6775,2025/07/23,801
6776,2025/07/24,671
6777,2025/07/25,294
6778,2025/07/28,648
6779,2025/07/29,524
6780,2025/07/30,491
6781,2025/07/31,244
6782,2025/08/01,808
6783,2025/08/04,856
6784,2025/08/05,361
6785,2025/08/06,300
6786,2025/08/07,207
6787,2025/08/08,657
6788,2025/08/11,090
6789,2025/08/12,462
6790,2025/08/13,766
6791,2025/08/14,142
6792,2025/08/15,486
6793,2025/08/18,776
6794,2025/08/19,631
6795,2025/08/20,218
6796,2025/08/21,741
6797,2025/08/22,461
6798,2025/08/25,313
6799,2025/08/26,650
6800,2025/08/27,038
6801,2025/08/28,186
6802,2025/08/29,805
6803,2025/09/01,229
6804,2025/09/02,275
6805,2025/09/03,806
6806,2025/09/04,131
6807,2025/09/05,856
6808,2025/09/08,572
6809,2025/09/09,891
6810,2025/09/10,777
6811,2025/09/11,827
6812,2025/09/12,411
6813,2025/09/15,573
6814,2025/09/16,672
6815,2025/09/17,578
6816,2025/09/18,368
6817,2025/09/19,630
6818,2025/09/22,064
6819,2025/09/23,072
6820,2025/09/24,055
6821,2025/09/25,439
6822,2025/09/26,049
6823,2025/09/29,789
6824,2025/09/30,194
6825,2025/10/01,213
6826,2025/10/02,936
6827,2025/10/03,279
6828,2025/10/06,523
6829,2025/10/07,654
6830,2025/10/08,404
6831,2025/10/09,636
6832,2025/10/10,708
6833,2025/10/13,278
6834,2025/10/14,404
6835,2025/10/15,374
6836,2025/10/16,157
6837,2025/10/17,729
6838,2025/10/20,518
6839,2025/10/21,204
6840,2025/10/22,139
6841,2025/10/23,209
6842,2025/10/24,472
6843,2025/10/27,631
6844,2025/10/28,656
6845,2025/10/29,652
6846,2025/10/30,013
6847,2025/10/31,395
6848,2025/11/03,810
6849,2025/11/04,684
6850,2025/11/05,344
6851,2025/11/06,199
6852,2025/11/07,289
6853,2025/11/10,256
6854,2025/11/11,758
6855,2025/11/12,663
6856,2025/11/13,790
6857,2025/11/14,706
6858,2025/11/17,567
6859,2025/11/18,143
6860,2025/11/19,379
6861,2025/11/20,909
6862,2025/11/21,619
6863,2025/11/24,836
6864,2025/11/25,873
6865,2025/11/26,106
6866,2025/11/27,861
6867,2025/11/28,656
6868,2025/12/01,886
6869,2025/12/02,584
6870,2025/12/03,156
6871,2025/12/04,973
6872,2025/12/05,835
6873,2025/12/08,412
6874,2025/12/09,735
6875,2025/12/10,983
6876,2025/12/11,270
6877,2025/12/12,567
6878,2025/12/15,355
6879,2025/12/16,003
6880,2025/12/17,249
6881,2025/12/18,558
6882,2025/12/19,837
6883,2025/12/22,919
6884,2025/12/23,112
6885,2025/12/24,862
6886,2025/12/25,319
6887,2025/12/26,395
6888,2025/12/29,089
6889,2025/12/30,921
6890,2026/01/05,622
6891,2026/01/06,696
6892,2026/01/07,620
6893,2026/01/08,649
6894,2026/01/09,673
6895,2026/01/12,982
6896,2026/01/13,784
6897,2026/01/14,325
6898,2026/01/15,345
6899,2026/01/16,597
6900,2026/01/19,590
6901,2026/01/20,932
6902,2026/01/21,949
6903,2026/01/22,527
6904,2026/01/23,443
6905,2026/01/26,643
6906,2026/01/27,073
6907,2026/01/28,447
6908,2026/01/29,461
6909,2026/01/30,388
6910,2026/02/02,037
6911,2026/02/03,105
6912,2026/02/04,160
6913,2026/02/05,470
6914,2026/02/06,388
6915,2026/02/09,316
6916,2026/02/10,293
6917,2026/02/11,224
6918,2026/02/12,827
6919,2026/02/13,493
6920,2026/02/16,758
6921,2026/02/17,269
6922,2026/02/18,979
6923,2026/02/19,135
6924,2026/02/20,918
6925,2026/02/23,843
6926,2026/02/24,490
6927,2026/02/25,099
6928,2026/02/26,123
6929,2026/02/27,682
6930,2026/03/02,132
6931,2026/03/03,731
6932,2026/03/04,971
6933,2026/03/05,903
6934,2026/03/06,314
6935,2026/03/09,413
6936,2026/03/10,917
6937,2026/03/11,540
6938,2026/03/12,614
6939,2026/03/13,670
6940,2026/03/16,423
6941,2026/03/17,834
6942,2026/03/18,128
6943,2026/03/19,690
6944,2026/03/20,319
6945,2026/03/23,191
6946,2026/03/24,619
6947,2026/03/25,141
6948,2026/03/26,413
6949,2026/03/27,048
6950,2026/03/30,860
6951,2026/03/31,048
6952,2026/04/01,063
6953,2026/04/02,095
6954,2026/04/03,479
6955,2026/04/06,881
6956,2026/04/07,228
6957,2026/04/08,941
6958,2026/04/09,944
6959,2026/04/10,047
6960,2026/04/13,528
6961,2026/04/14,186
6962,2026/04/15,099
6963,2026/04/16,039
6964,2026/04/17,133
6965,2026/04/20,231
6966,2026/04/21,202
6967,2026/04/22,801
6968,2026/04/23,377
6969,2026/04/24,137
6970,2026/04/27,425
6971,2026/04/28,837
6972,2026/04/29,818
6973,2026/04/30,035
6974,2026/05/01,706
6975,2026/05/04,791
6976,2026/05/05,579
6977,2026/05/06,369
6978,2026/05/07,256
6979,2026/05/08,647
6980,2026/05/11,971
6981,2026/05/12,760
6982,2026/05/13,848
6983,2026/05/14,674
6984,2026/05/15,685
6985,2026/05/18,621
6986,2026/05/19,284
6987,2026/05/20,762
6988,2026/05/21,127
6989,2026/05/22,253
6990,2026/05/25,097
6991,2026/05/26,667
6992,2026/05/27,255
6993,2026/05/28,274
6994,2026/05/29,692
6995,2026/06/01,286
6996,2026/06/02,625
6997,2026/06/03,948
6998,2026/06/04,030
6999,2026/06/05,360
7000,2026/06/08,649
7001,2026/06/09,633
7002,2026/06/10,159
7003,2026/06/11,707
7004,2026/06/12,008
7005,2026/06/15,016
7006,2026/06/16,577
7007,2026/06/17,096
7008,2026/06/18,936
7009,2026/06/19,651
7010,2026/06/22,166
7011,2026/06/23,495
7012,2026/06/24,527
7013,2026/06/25,873
7014,2026/06/26,481
7015,2026/06/29,554
7016,2026/06/30,629
7017,2026/07/01,026
7018,2026/07/02,768
7019,2026/07/03,304
7020,2026/07/06,069
7021,2026/07/07,134
7022,2026/07/08,830
7023,2026/07/09,826
7024,2026/07/10,097
7025,2026/07/13,549
7026,2026/07/14,939
7027,2026/07/15,583
7028,2026/07/16,456
7029,2026/07/17,388
7030,2026/07/20,053
7031,2026/07/21,413
7032,2026/07/22,492
7033,2026/07/23,147
7034,2026/07/24,777
7035,2026/07/27,432
7036,2026/07/28,420
7037,2026/07/29,038
7038,2026/07/30,424
7039,2026/07/31,838
7040,2026/08/03,313
7041,2026/08/04,722
7042,2026/08/05,750
7043,2026/08/06,163
7044,2026/08/07,487
7045,2026/08/10,180
7046,2026/08/11,507
7047,2026/08/12,380
7048,2026/08/13,770
7049,2026/08/14,638
7050,2026/08/17,978
7051,2026/08/18,409
7052,2026/08/19,872
7053,2026/08/20,919
7054,2026/08/21,286
7055,2026/08/24,937
7056,2026/08/25,186
7057,2026/08/26,708
7058,2026/08/27,460
7059,2026/08/28,191
7060,2026/08/31,877
7061,2026/09/01,882
7062,2026/09/02,212
7063,2026/09/03,166
7064,2026/09/04,251
7065,2026/09/07,282
7066,2026/09/08,294
7067,2026/09/09,650
7068,2026/09/10,960
7069,2026/09/11,908
7070,2026/09/14,188
7071,2026/09/15,553
7072,2026/09/16,229
7073,2026/09/17,188
7074,2026/09/18,766
7075,2026/09/21,682
7076,2026/09/22,056
7077,2026/09/23,187
7078,2026/09/24,539
7079,2026/09/25,426
7080,2026/09/28,702
7081,2026/09/29,320
